area,room,toilet,lat,long,quan,loai_bds,price-VND
120,4,6,16.03346,108.23031,quan-hai-chau,mua-nha-biet-thu-lien-ke/,100000
120,4,5,16.07079,108.22511,quan-hai-chau,mua-nha-mat-tien-pho/,100000
100,4,4,16.09227,108.23095,quan-son-tra,mua-nha-mat-tien-pho/,687000
95,3,4,16.02611,108.24381,quan-ngu-hanh-son,mua-nha-mat-tien-pho/,1000000
800,4,6,16.02983,108.25417,quan-ngu-hanh-son,mua-nha-biet-thu-lien-ke/,1000000
50,3,4,16.08417,108.21861,quan-hai-chau,mua-nha-hem-ngo/,3000000
134,0,0,16.02268,108.24644,quan-ngu-hanh-son,mua-dat-tho-cu/,6000000
77,2,2,16.0598,108.23051,quan-son-tra,mua-can-ho-chung-cu/,12000000
100,0,0,16.0734,108.22889,quan-son-tra,mua-dat-tho-cu/,17000000
1263,0,0,16.03746,108.0676,huyen-hoa-vang,mua-dat-tho-cu/,22000000
52,0,0,16.0854,108.23467,quan-son-tra,mua-dat-tho-cu/,26000000
120,4,6,16.03346,108.23031,quan-hai-chau,mua-nha-mat-tien-pho/,100000000
105,3,2,16.03851,108.24755,quan-ngu-hanh-son,mua-can-ho-chung-cu/,200000000
200,0,0,16.03277,108.22202,quan-hai-chau,mua-mat-bang-cua-hang-shop-cafe-do-uong/,549000000
26,0,0,16.0608,108.20521,quan-thanh-khe,mua-can-ho-chung-cu/,640000000
150,0,0,15.96468,108.21197,huyen-hoa-vang,mua-dat-tho-cu/,680000000
31,0,0,16.06352,108.20856,quan-thanh-khe,mua-can-ho-chung-cu/,850000000
68,2,0,15.99107,108.23758,quan-ngu-hanh-son,mua-can-ho-chung-cu/,900000000
68,2,2,15.98635,108.25687,quan-ngu-hanh-son,mua-can-ho-chung-cu/,900000000
120,4,5,16.03346,108.23031,quan-hai-chau,mua-nha-mat-tien-pho/,1000000000
70,2,2,16.10909,108.13038,quan-lien-chieu,mua-can-ho-chung-cu/,1000000000
74,2,2,16.1061,108.13558,quan-lien-chieu,mua-can-ho-dich-vu/,1000000000
427,4,6,16.02983,108.25417,quan-ngu-hanh-son,mua-nha-biet-thu-lien-ke/,1000000000
1000,0,0,16.02983,108.25417,quan-ngu-hanh-son,mua-dat-tho-cu/,1000000000
68,2,2,15.98635,108.25687,quan-ngu-hanh-son,mua-can-ho-chung-cu/,1200000000
150,0,0,16.09775,108.08974,huyen-hoa-vang,mua-dat-tho-cu/,1200000000
70,2,2,15.99107,108.23758,quan-ngu-hanh-son,mua-can-ho-chung-cu/,1300000000
93,2,2,16.05067,108.15756,quan-lien-chieu,mua-nha-mat-tien-pho/,1350000000
100,1,1,15.99388,108.23889,quan-ngu-hanh-son,mua-nha-hem-ngo/,1450000000
90,2,1,16.01518,108.19293,quan-cam-le,mua-nha-hem-ngo/,1500000000
32,1,1,16.04335,108.22148,quan-hai-chau,mua-nha-hem-ngo/,1520000000
24,1,2,16.07371,108.21071,quan-thanh-khe,mua-nha-hem-ngo/,1650000000
35,3,2,16.06851,108.20916,quan-thanh-khe,mua-nha-hem-ngo/,1700000000
52,1,1,16.0558,108.22367,quan-hai-chau,mua-can-ho-chung-cu/,1700000000
66,2,2,16.05224,108.24686,quan-ngu-hanh-son,mua-can-ho-chung-cu/,1750000000
25,2,2,16.07243,108.20271,quan-thanh-khe,mua-nha-hem-ngo/,1780000000
30,2,2,16.06851,108.20916,quan-thanh-khe,mua-nha-hem-ngo/,1790000000
100,0,0,16.05192,108.16724,quan-lien-chieu,mua-dat-nen-du-an/,1800000000
22,2,2,16.06756,108.20497,quan-thanh-khe,mua-nha-hem-ngo/,1800000000
72,2,3,15.98635,108.25687,quan-ngu-hanh-son,mua-can-ho-chung-cu/,1800000000
42,3,2,16.02531,108.21319,quan-cam-le,mua-nha-mat-tien-pho/,1800000000
310,0,0,16.07686,108.23455,quan-son-tra,mua-dat-tho-cu/,1850000000
65,2,1,16.05222,108.17557,quan-cam-le,mua-nha-hem-ngo/,1850000000
90,4,6,16.02983,108.25417,quan-ngu-hanh-son,mua-nha-mat-tien-pho/,1900000000
30,2,1,16.06791,108.20152,quan-thanh-khe,mua-nha-hem-ngo/,1940000000
45,2,1,16.06268,108.21976,quan-hai-chau,mua-nha-hem-ngo/,1950000000
43,2,2,16.06964,108.20322,quan-thanh-khe,mua-nha-hem-ngo/,1950000000
40,2,2,16.0252,108.21356,quan-cam-le,mua-nha-mat-tien-pho/,1950000000
66,2,2,16.05347,108.24648,quan-ngu-hanh-son,mua-can-ho-chung-cu/,1950000000
50,1,1,16.07371,108.21071,quan-thanh-khe,mua-nha-hem-ngo/,1970000000
72,2,2,15.98635,108.25687,quan-ngu-hanh-son,mua-can-ho-chung-cu/,2000000000
72,2,2,16.01971,108.25581,quan-ngu-hanh-son,mua-can-ho-chung-cu/,2000000000
72,2,2,16.01971,108.25581,quan-ngu-hanh-son,mua-can-ho-chung-cu/,2000000000
72,2,2,15.99392,108.25497,quan-ngu-hanh-son,mua-can-ho-chung-cu/,2000000000
45,2,2,16.06268,108.21976,quan-hai-chau,mua-nha-hem-ngo/,2000000000
72,2,2,15.98635,108.25687,quan-ngu-hanh-son,mua-can-ho-chung-cu/,2000000000
53,3,2,16.05515,108.21731,quan-hai-chau,mua-nha-hem-ngo/,2000000000
72,2,2,15.98635,108.25687,quan-ngu-hanh-son,mua-can-ho-chung-cu/,2000000000
92,3,2,16.05799,108.15665,quan-lien-chieu,mua-nha-hem-ngo/,2050000000
80,2,2,16.0143,108.19913,quan-cam-le,mua-nha-hem-ngo/,2080000000
100,0,0,16.05192,108.16724,quan-lien-chieu,mua-dat-nen-du-an/,2100000000
42,1,1,16.07031,108.24423,quan-son-tra,mua-can-ho-chung-cu/,2100000000
40,3,2,16.04335,108.22148,quan-hai-chau,mua-nha-hem-ngo/,2100000000
55,2,1,16.05827,108.174,quan-cam-le,mua-nha-hem-ngo/,2150000000
100,2,2,16.05192,108.16724,quan-lien-chieu,mua-nha-mat-tien-pho/,2199000000
150,0,0,16.09512,108.13844,quan-lien-chieu,mua-dat-nen-du-an/,2200000000
182,0,0,16.02983,108.25417,quan-ngu-hanh-son,mua-dat-tho-cu/,2200000000
65,0,0,16.06793,108.18581,quan-thanh-khe,mua-dat-nen-du-an/,2200000000
40,2,3,16.06851,108.20916,quan-thanh-khe,mua-nha-hem-ngo/,2200000000
52,0,0,16.06756,108.24001,quan-son-tra,mua-dat-kho-xuong/,2200000000
64,2,2,16.08011,108.21995,quan-hai-chau,mua-can-ho-chung-cu/,2300000000
85,0,0,16.03718,108.24387,quan-ngu-hanh-son,mua-dat-tho-cu/,2300000000
71,1,2,16.08011,108.21995,quan-hai-chau,mua-can-ho-chung-cu/,2300000000
71,1,2,16.08011,108.21995,quan-hai-chau,mua-can-ho-chung-cu/,2300000000
51,0,0,16.05515,108.21731,quan-hai-chau,mua-dat-tho-cu/,2300000000
70,2,2,16.08024,108.22089,quan-hai-chau,mua-can-ho-chung-cu/,2300000000
108,0,0,15.99246,108.21312,quan-cam-le,mua-dat-tho-cu/,2300000000
85,0,0,16.03718,108.24387,quan-ngu-hanh-son,mua-dat-tho-cu/,2300000000
61,3,3,16.08428,108.15575,quan-lien-chieu,mua-nha-mat-tien-pho/,2300000000
64,2,2,16.08011,108.21995,quan-hai-chau,mua-can-ho-chung-cu/,2350000000
67,0,0,16.06756,108.20497,quan-thanh-khe,mua-dat-tho-cu/,2370000000
54,3,2,16.05448,108.18343,quan-thanh-khe,mua-nha-hem-ngo/,2375000000
150,0,0,16.05192,108.16724,quan-lien-chieu,mua-dat-nen-du-an/,2380000000
118,0,0,15.99961,108.206,huyen-hoa-vang,mua-dat-tho-cu/,2400000000
84,2,2,16.08475,108.24007,quan-son-tra,mua-nha-hem-ngo/,2400000000
120,0,0,15.99961,108.206,huyen-hoa-vang,mua-dat-tho-cu/,2400000000
57,3,3,16.07222,108.1833,quan-thanh-khe,mua-nha-hem-ngo/,2450000000
56,3,4,16.06633,108.18203,quan-thanh-khe,mua-nha-hem-ngo/,2450000000
67,2,2,16.05347,108.24648,quan-ngu-hanh-son,mua-can-ho-chung-cu/,2450000000
48,2,2,16.08597,108.21839,quan-hai-chau,mua-duong-noi-bo/,2480000000
114,3,3,16.05461,108.24057,quan-son-tra,mua-nha-mat-tien-pho/,2490000000
150,0,0,16.05192,108.16724,quan-lien-chieu,mua-dat-nen-du-an/,2500000000
70,2,1,16.10909,108.13038,quan-lien-chieu,mua-duong-noi-bo/,2500000000
84,0,0,16.06063,108.21655,quan-hai-chau,mua-dat-tho-cu/,2500000000
100,0,0,16.00641,108.23998,quan-ngu-hanh-son,mua-dat-tho-cu/,2500000000
85,0,0,15.9803,108.25236,quan-ngu-hanh-son,mua-dat-tho-cu/,2500000000
63,2,1,16.02035,108.20494,quan-cam-le,mua-nha-hem-ngo/,2500000000
105,3,2,16.03851,108.24755,quan-ngu-hanh-son,mua-can-ho-chung-cu/,2500000000
54,3,2,16.0668,108.21416,quan-thanh-khe,mua-nha-hem-ngo/,2550000000
54,1,1,16.05406,108.2194,quan-hai-chau,mua-nha-hem-ngo/,2550000000
70,5,4,16.05817,108.20961,quan-thanh-khe,mua-nha-hem-ngo/,2550000000
35,4,3,16.06192,108.22171,quan-hai-chau,mua-nha-hem-ngo/,2550000000
95,0,0,15.99477,108.20297,huyen-hoa-vang,mua-dat-tho-cu/,2550000000
85,3,3,16.03406,108.17856,quan-cam-le,mua-nha-hem-ngo/,2550000000
300,0,0,15.97968,108.21498,quan-cam-le,mua-dat-tho-cu/,2600000000
100,0,0,16.00641,108.23998,quan-ngu-hanh-son,mua-dat-tho-cu/,2600000000
210,0,0,16.04797,108.15633,quan-lien-chieu,mua-dat-tho-cu/,2600000000
100,0,0,16.09512,108.13844,quan-lien-chieu,mua-dat-nen-du-an/,2630000000
52,2,1,16.0854,108.23467,quan-son-tra,mua-nha-mat-tien-pho/,2650000000
44,2,2,16.07371,108.21071,quan-thanh-khe,mua-nha-hem-ngo/,2650000000
100,0,0,15.99033,108.26709,quan-ngu-hanh-son,mua-dat-tho-cu/,2690000000
80,2,1,16.03553,108.21571,quan-hai-chau,mua-nha-hem-ngo/,2690000000
125,0,0,16.09512,108.13844,quan-lien-chieu,mua-dat-nen-du-an/,2700000000
117,3,2,16.06326,108.21063,quan-thanh-khe,mua-dat/,2700000000
115,3,2,16.06688,108.1799,quan-thanh-khe,mua-nha-hem-ngo/,2700000000
175,10,10,16.0799,108.13589,quan-lien-chieu,mua-nha-mat-tien-pho/,2700000000
72,2,1,16.08286,108.16059,quan-lien-chieu,mua-nha-mat-tien-pho/,2700000000
100,2,1,15.98276,108.21213,quan-cam-le,mua-nha-mat-tien-pho/,2700000000
150,0,0,16.05192,108.16724,quan-lien-chieu,mua-dat-nen-du-an/,2700000000
175,3,3,16.0799,108.13589,quan-lien-chieu,mua-nha-mat-tien-pho/,2700000000
75,2,2,16.0558,108.22367,quan-hai-chau,mua-can-ho-chung-cu/,2700000000
150,0,0,16.05192,108.16724,quan-lien-chieu,mua-dat-nen-du-an/,2700000000
100,0,0,15.99033,108.26709,quan-ngu-hanh-son,mua-dat-tho-cu/,2750000000
90,0,0,16.05243,108.1776,quan-cam-le,mua-dat-tho-cu/,2750000000
125,0,0,16.09512,108.13844,quan-lien-chieu,mua-dat-nen-du-an/,2795000000
81,0,0,16.02577,108.20979,quan-cam-le,mua-dat-tho-cu/,2800000000
88,3,2,15.98326,108.25256,quan-ngu-hanh-son,mua-nha-mat-tien-pho/,2800000000
90,0,0,15.98635,108.25687,quan-ngu-hanh-son,mua-dat-nen-du-an/,2800000000
87,3,2,15.97796,108.26199,quan-ngu-hanh-son,mua-nha-mat-tien-pho/,2800000000
81,0,0,16.02577,108.20979,quan-cam-le,mua-dat-tho-cu/,2800000000
88,3,2,15.98326,108.25256,quan-ngu-hanh-son,mua-nha-mat-tien-pho/,2800000000
252,3,4,16.07331,108.24296,quan-son-tra,mua-nha-biet-thu-lien-ke/,2800000000
125,0,0,16.09512,108.13844,quan-lien-chieu,mua-dat-nen-du-an/,2800000000
87,3,2,15.98635,108.25687,quan-ngu-hanh-son,mua-nha-mat-tien-pho/,2800000000
90,2,2,15.98635,108.25687,quan-ngu-hanh-son,mua-can-ho-chung-cu/,2800000000
78,3,3,16.09512,108.13844,quan-lien-chieu,mua-can-ho-dich-vu/,2800000000
50,0,0,16.06606,108.18659,quan-thanh-khe,mua-dat-tho-cu/,2850000000
48,3,2,16.0597,108.21212,quan-thanh-khe,mua-nha-hem-ngo/,2850000000
52,0,0,16.07867,108.22043,quan-hai-chau,mua-dat-tho-cu/,2850000000
82,2,2,16.09384,108.24476,quan-son-tra,mua-can-ho-chung-cu/,2870000000
83,2,2,16.09384,108.24476,quan-son-tra,mua-can-ho-chung-cu/,2870000000
40,2,2,16.0608,108.20521,quan-thanh-khe,mua-nha-hem-ngo/,2879000000
63,2,2,16.04404,108.22296,quan-hai-chau,mua-nha-hem-ngo/,2899000000
85,0,0,16.02974,108.242,quan-ngu-hanh-son,mua-dat-tho-cu/,2900000000
150,0,0,16.05192,108.16724,quan-lien-chieu,mua-dat-nen-du-an/,2900000000
42,3,4,16.05173,108.22054,quan-hai-chau,mua-nha-hem-ngo/,2900000000
74,2,2,16.1061,108.13558,quan-lien-chieu,mua-can-ho-dich-vu/,2900000000
61,3,3,16.06306,108.24195,quan-son-tra,mua-duong-noi-bo/,2900000000
74,2,2,16.1061,108.13558,quan-lien-chieu,mua-can-ho-tap-the-cu-xa/,2900000000
150,0,0,16.05192,108.16724,quan-lien-chieu,mua-dat-nen-du-an/,2900000000
120,2,2,16.05448,108.18343,quan-thanh-khe,mua-nha-hem-ngo/,2930000000
60,3,3,16.05676,108.16851,quan-lien-chieu,mua-nha-hem-ngo/,2950000000
90,0,0,16.04454,108.21522,quan-hai-chau,mua-duong-noi-bo/,2950000000
49,3,3,16.0669,108.21225,quan-thanh-khe,mua-nha-hem-ngo/,2950000000
45,3,2,16.0779,108.21025,quan-hai-chau,mua-nha-hem-ngo/,2950000000
45,3,3,16.06063,108.21655,quan-hai-chau,mua-nha-hem-ngo/,2990000000
75,3,3,16.1061,108.13558,quan-lien-chieu,mua-can-ho-dich-vu/,2990000000
70,2,2,16.0377,108.21407,quan-hai-chau,mua-nha-hem-ngo/,3000000000
62,1,1,16.03851,108.24755,quan-ngu-hanh-son,mua-can-ho-chung-cu/,3000000000
88,4,2,16.06791,108.20152,quan-thanh-khe,mua-nha-hem-ngo/,3000000000
62,1,1,16.03851,108.24755,quan-ngu-hanh-son,mua-can-ho-chung-cu/,3000000000
85,4,2,16.07243,108.20271,quan-thanh-khe,mua-nha-hem-ngo/,3000000000
50,3,4,16.08417,108.21861,quan-hai-chau,mua-nha-hem-ngo/,3000000000
85,4,2,16.07243,108.20271,quan-thanh-khe,mua-nha-hem-ngo/,3000000000
80,4,3,16.06826,108.18784,quan-thanh-khe,mua-nha-hem-ngo/,3050000000
67,3,3,16.06531,108.23834,quan-son-tra,mua-nha-hem-ngo/,3090000000
85,2,1,16.06228,108.237,quan-son-tra,mua-duong-noi-bo/,3090000000
94,0,0,16.01245,108.25361,quan-ngu-hanh-son,mua-dat-tho-cu/,3090000000
67,4,3,16.06531,108.23834,quan-son-tra,mua-nha-hem-ngo/,3090000000
85,2,1,16.06228,108.237,quan-son-tra,mua-nha-hem-ngo/,3090000000
50,3,3,16.0789,108.21699,quan-hai-chau,mua-nha-hem-ngo/,3100000000
74,2,2,16.1061,108.13558,quan-lien-chieu,mua-can-ho-chung-cu/,3100000000
60,0,0,16.05085,108.24319,quan-ngu-hanh-son,mua-dat-tho-cu/,3100000000
94,0,0,16.01245,108.25361,quan-ngu-hanh-son,mua-dat-tho-cu/,3100000000
94,0,0,15.98728,108.26717,quan-ngu-hanh-son,mua-dat-tho-cu/,3100000000
110,0,0,15.99107,108.23758,quan-ngu-hanh-son,mua-dat-tho-cu/,3100000000
45,3,3,16.06063,108.21655,quan-hai-chau,mua-nha-hem-ngo/,3100000000
70,3,2,16.04454,108.21522,quan-hai-chau,mua-nha-hem-ngo/,3100000000
90,7,7,15.9809,108.25448,quan-ngu-hanh-son,mua-nha-mat-tien-pho/,3100000000
86,3,2,16.06557,108.192,quan-thanh-khe,mua-nha-hem-ngo/,3130000000
60,4,3,16.05817,108.20961,quan-thanh-khe,mua-nha-hem-ngo/,3150000000
56,4,2,16.07243,108.20271,quan-thanh-khe,mua-nha-hem-ngo/,3190000000
120,0,0,16.02268,108.24644,quan-ngu-hanh-son,mua-dat-tho-cu/,3200000000
90,0,0,16.07345,108.16578,quan-lien-chieu,mua-dat-tho-cu/,3200000000
60,0,0,16.08591,108.23199,quan-son-tra,mua-dat-tho-cu/,3200000000
80,0,0,16.02617,108.24185,quan-ngu-hanh-son,mua-dat-tho-cu/,3200000000
55,3,3,16.08562,108.21912,quan-hai-chau,mua-nha-hem-ngo/,3200000000
50,3,2,16.06352,108.20856,quan-thanh-khe,mua-nha-hem-ngo/,3200000000
72,2,2,16.09256,108.2308,quan-son-tra,mua-nha-mat-tien-pho/,3200000000
80,0,0,16.02611,108.24381,quan-ngu-hanh-son,mua-dat-tho-cu/,3200000000
50,3,2,16.06352,108.20856,quan-thanh-khe,mua-duong-noi-bo/,3200000000
82,2,1,16.03851,108.24755,quan-ngu-hanh-son,mua-can-ho-chung-cu/,3200000000
50,3,2,16.06352,108.20856,quan-thanh-khe,mua-duong-noi-bo/,3200000000
55,3,3,16.08562,108.21912,quan-hai-chau,mua-nha-hem-ngo/,3200000000
54,1,1,16.1061,108.13558,quan-lien-chieu,mua-can-ho-dich-vu/,3200000000
70,2,1,16.04156,108.22326,quan-hai-chau,mua-nha-hem-ngo/,3250000000
100,3,2,16.00641,108.23998,quan-ngu-hanh-son,mua-nha-mat-tien-pho/,3290000000
82,2,2,16.03851,108.24755,quan-ngu-hanh-son,mua-can-ho-chung-cu/,3300000000
75,3,2,16.07516,108.23167,quan-son-tra,mua-nha-hem-ngo/,3300000000
105,0,0,16.09579,108.22874,quan-son-tra,mua-dat-tho-cu/,3300000000
78,2,2,16.0603,108.23628,quan-son-tra,mua-nha-hem-ngo/,3300000000
160,3,3,16.08412,108.16158,quan-lien-chieu,mua-nha-biet-thu-lien-ke/,3300000000
93,0,0,16.00881,108.21744,quan-cam-le,mua-dat-tho-cu/,3350000000
75,2,2,16.07507,108.16997,quan-lien-chieu,mua-nha-mat-tien-pho/,3350000000
75,2,2,16.07507,108.16997,quan-lien-chieu,mua-nha-mat-tien-pho/,3350000000
82,2,2,16.03851,108.24755,quan-ngu-hanh-son,mua-can-ho-chung-cu/,3400000000
60,4,4,16.05676,108.16851,quan-lien-chieu,mua-nha-hem-ngo/,3400000000
86,0,0,16.10043,108.25233,quan-son-tra,mua-dat-tho-cu/,3400000000
62,2,2,16.03851,108.24755,quan-ngu-hanh-son,mua-can-ho-chung-cu/,3400000000
60,3,3,16.05159,108.20989,quan-hai-chau,mua-nha-hem-ngo/,3400000000
62,2,1,16.03851,108.24755,quan-ngu-hanh-son,mua-can-ho-chung-cu/,3400000000
50,3,2,16.06352,108.20856,quan-thanh-khe,mua-nha-hem-ngo/,3400000000
53,1,1,16.08881,108.22049,quan-hai-chau,mua-can-ho-chung-cu/,3400000000
100,3,2,15.99639,108.21336,quan-cam-le,mua-nha-mat-tien-pho/,3400000000
82,2,2,16.03851,108.24755,quan-ngu-hanh-son,mua-can-ho-chung-cu/,3449000000
75,3,2,16.07687,108.22035,quan-hai-chau,mua-nha-hem-ngo/,3450000000
56,3,1,16.08656,108.23388,quan-son-tra,mua-nha-mat-tien-pho/,3450000000
82,0,0,16.04361,108.20663,quan-hai-chau,mua-dat-tho-cu/,3450000000
100,3,2,15.99476,108.21192,quan-cam-le,mua-nha-mat-tien-pho/,3450000000
100,0,0,15.99246,108.21312,quan-cam-le,mua-dat-tho-cu/,3490000000
102,0,0,15.9922,108.26839,quan-ngu-hanh-son,mua-dat-tho-cu/,3490000000
82,2,2,16.03851,108.24755,quan-ngu-hanh-son,mua-can-ho-chung-cu/,3499000000
86,0,0,16.03506,108.23964,quan-ngu-hanh-son,mua-dat-tho-cu/,3500000000
83,2,2,15.99582,108.26936,quan-ngu-hanh-son,mua-can-ho-chung-cu/,3500000000
105,3,2,16.03851,108.24755,quan-ngu-hanh-son,mua-can-ho-chung-cu/,3500000000
85,0,0,16.03506,108.23964,quan-ngu-hanh-son,mua-dat-tho-cu/,3500000000
50,2,2,16.05504,108.23528,quan-son-tra,mua-nha-mat-tien-pho/,3500000000
62,2,1,16.03851,108.24755,quan-ngu-hanh-son,mua-can-ho-chung-cu/,3500000000
70,0,0,16.07067,108.21568,quan-hai-chau,mua-dat-tho-cu/,3500000000
82,2,2,16.03851,108.24755,quan-ngu-hanh-son,mua-can-ho-chung-cu/,3500000000
90,3,2,16.05344,108.16739,quan-lien-chieu,mua-nha-mat-tien-pho/,3500000000
83,2,2,16.03851,108.24755,quan-ngu-hanh-son,mua-can-ho-chung-cu/,3500000000
83,2,2,16.03851,108.24755,quan-ngu-hanh-son,mua-can-ho-chung-cu/,3500000000
75,0,0,16.09256,108.2308,quan-son-tra,mua-dat-tho-cu/,3500000000
50,2,2,16.05504,108.23528,quan-son-tra,mua-nha-mat-tien-pho/,3500000000
92,4,2,16.06578,108.20387,quan-thanh-khe,mua-nha-hem-ngo/,3500000000
51,3,4,16.07688,108.21215,quan-hai-chau,mua-nha-hem-ngo/,3500000000
51,3,4,16.07688,108.21215,quan-hai-chau,mua-nha-mat-tien-pho/,3500000000
105,3,2,16.03851,108.24755,quan-ngu-hanh-son,mua-can-ho-chung-cu/,3500000000
105,3,3,16.03851,108.24755,quan-ngu-hanh-son,mua-can-ho-chung-cu/,3500000000
82,2,2,16.03851,108.24755,quan-ngu-hanh-son,mua-can-ho-chung-cu/,3500000000
107,2,2,15.99582,108.26936,quan-ngu-hanh-son,mua-can-ho-chung-cu/,3500000000
61,2,2,16.06191,108.23652,quan-son-tra,mua-can-ho-chung-cu/,3500000000
50,3,3,16.04415,108.21923,quan-hai-chau,mua-nha-hem-ngo/,3530000000
58,3,3,16.07481,108.21054,quan-thanh-khe,mua-nha-hem-ngo/,3549000000
100,0,0,16.01451,108.22781,quan-cam-le,mua-dat-tho-cu/,3550000000
123,3,3,16.05861,108.21823,quan-hai-chau,mua-nha-hem-ngo/,3550000000
90,2,2,16.0597,108.21212,quan-thanh-khe,mua-nha-hem-ngo/,3550000000
58,3,2,16.07481,108.21054,quan-thanh-khe,mua-nha-hem-ngo/,3550000000
53,3,2,16.05515,108.21731,quan-hai-chau,mua-nha-mat-tien-pho/,3580000000
53,3,2,16.05515,108.21731,quan-hai-chau,mua-nha-hem-ngo/,3580000000
53,3,2,16.05515,108.21731,quan-hai-chau,mua-nha-mat-tien-pho/,3580000000
53,3,2,16.05515,108.21731,quan-hai-chau,mua-nha-mat-tien-pho/,3580000000
53,3,2,16.05515,108.21731,quan-hai-chau,mua-nha-mat-tien-pho/,3580000000
53,3,2,16.05515,108.21731,quan-hai-chau,mua-nha-mat-tien-pho/,3580000000
53,3,2,16.05515,108.21731,quan-hai-chau,mua-nha-hem-ngo/,3580000000
53,3,3,16.05515,108.21731,quan-hai-chau,mua-nha-hem-ngo/,3580000000
55,3,2,16.05504,108.23528,quan-son-tra,mua-nha-mat-tien-pho/,3590000000
41,4,3,16.06746,108.19719,quan-thanh-khe,mua-nha-hem-ngo/,3590000000
65,3,4,16.05448,108.18343,quan-thanh-khe,mua-nha-hem-ngo/,3590000000
43,2,1,16.09023,108.24266,quan-son-tra,mua-nha-mat-tien-pho/,3600000000
100,0,0,16.01559,108.2225,quan-cam-le,mua-dat-tho-cu/,3600000000
100,0,0,16.01412,108.19179,quan-cam-le,mua-dat-nen-du-an/,3600000000
85,3,1,16.03506,108.23964,quan-ngu-hanh-son,mua-nha-mat-tien-pho/,3600000000
43,2,1,16.09023,108.24266,quan-son-tra,mua-nha-mat-tien-pho/,3600000000
85,0,0,16.09447,108.23031,quan-son-tra,mua-dat-tho-cu/,3600000000
69,3,3,16.04076,108.21777,quan-hai-chau,mua-nha-hem-ngo/,3600000000
100,2,2,16.01533,108.22171,quan-cam-le,mua-nha-mat-tien-pho/,3600000000
62,2,1,16.03851,108.24755,quan-ngu-hanh-son,mua-can-ho-chung-cu/,3650000000
100,0,0,16.01451,108.22781,quan-cam-le,mua-dat-tho-cu/,3650000000
100,0,0,15.98983,108.21364,quan-cam-le,mua-dat-tho-cu/,3650000000
99,0,0,16.01171,108.21869,quan-cam-le,mua-dat-tho-cu/,3650000000
58,0,0,16.05638,108.24681,quan-ngu-hanh-son,mua-dat-tho-cu/,3680000000
105,3,2,16.04698,108.17251,quan-cam-le,mua-nha-mat-tien-pho/,3690000000
75,0,0,16.07747,108.21258,quan-hai-chau,mua-dat-tho-cu/,3700000000
60,2,2,16.05577,108.23296,quan-son-tra,mua-nha-hem-ngo/,3700000000
82,2,1,16.03851,108.24755,quan-ngu-hanh-son,mua-can-ho-chung-cu/,3700000000
90,4,4,16.02983,108.25417,quan-ngu-hanh-son,mua-nha-mat-tien-pho/,3700000000
75,0,0,16.08737,108.2457,quan-son-tra,mua-dat-tho-cu/,3700000000
150,0,0,16.05192,108.16724,quan-lien-chieu,mua-dat-nen-du-an/,3700000000
100,2,2,15.99107,108.23758,quan-ngu-hanh-son,mua-nha-mat-tien-pho/,3700000000
85,0,0,16.09447,108.23031,quan-son-tra,mua-dat-tho-cu/,3700000000
83,2,2,16.03851,108.24755,quan-ngu-hanh-son,mua-can-ho-chung-cu/,3700000000
75,3,3,16.07875,108.16616,quan-lien-chieu,mua-nha-mat-tien-pho/,3750000000
75,3,3,16.07875,108.16616,quan-lien-chieu,mua-nha-mat-tien-pho/,3750000000
75,3,3,16.07875,108.16616,quan-lien-chieu,mua-nha-mat-tien-pho/,3750000000
83,2,2,16.03851,108.24755,quan-ngu-hanh-son,mua-can-ho-chung-cu/,3750000000
60,3,3,16.05676,108.16851,quan-lien-chieu,mua-nha-hem-ngo/,3750000000
34,2,2,16.09384,108.24476,quan-son-tra,mua-nha-mat-tien-pho/,3750000000
75,3,3,16.07875,108.16616,quan-lien-chieu,mua-nha-mat-tien-pho/,3750000000
68,3,4,16.04076,108.21777,quan-hai-chau,mua-nha-hem-ngo/,3779000000
55,3,2,16.05504,108.23528,quan-son-tra,mua-nha-mat-tien-pho/,3800000000
42,4,3,16.05142,108.22233,quan-hai-chau,mua-nha-hem-ngo/,3800000000
83,2,1,16.03851,108.24755,quan-ngu-hanh-son,mua-nha-mat-tien-pho/,3800000000
106,0,0,16.01971,108.25581,quan-ngu-hanh-son,mua-dat-nen-du-an/,3800000000
85,2,1,16.09447,108.23031,quan-son-tra,mua-nha-mat-tien-pho/,3800000000
125,3,2,16.05026,108.17358,quan-cam-le,mua-nha-mat-tien-pho/,3800000000
69,3,2,16.09412,108.2287,quan-son-tra,mua-nha-hem-ngo/,3800000000
69,3,2,16.09412,108.2287,quan-son-tra,mua-nha-hem-ngo/,3800000000
121,0,0,16.04513,108.211,quan-hai-chau,mua-dat-tho-cu/,3800000000
34,2,2,16.09384,108.24476,quan-son-tra,mua-nha-mat-tien-pho/,3800000000
120,0,0,16.00005,108.21795,quan-cam-le,mua-dat-nen-du-an/,3800000000
42,4,3,16.05329,108.22126,quan-hai-chau,mua-nha-mat-tien-pho/,3800000000
62,2,1,16.03851,108.24755,quan-ngu-hanh-son,mua-nha-mat-tien-pho/,3800000000
85,2,1,16.09447,108.23031,quan-son-tra,mua-nha-mat-tien-pho/,3800000000
81,3,2,16.02842,108.24583,quan-ngu-hanh-son,mua-nha-mat-tien-pho/,3850000000
42,3,3,16.08097,108.21884,quan-hai-chau,mua-nha-hem-ngo/,3850000000
70,3,2,16.04682,108.20867,quan-hai-chau,mua-nha-hem-ngo/,3850000000
50,3,3,16.07538,108.21125,quan-hai-chau,mua-nha-hem-ngo/,3850000000
73,2,2,16.02577,108.20979,quan-cam-le,mua-nha-mat-tien-pho/,3900000000
73,0,0,16.02577,108.20979,quan-cam-le,mua-nha-mat-tien-pho/,3900000000
90,6,5,16.07371,108.21071,quan-thanh-khe,mua-nha-hem-ngo/,3900000000
60,4,4,16.04454,108.21522,quan-hai-chau,mua-nha-mat-tien-pho/,3900000000
73,3,3,16.02577,108.20979,quan-cam-le,mua-nha-mat-tien-pho/,3900000000
100,0,0,16.11587,108.2966,quan-son-tra,mua-dat-tho-cu/,3900000000
63,2,2,16.07733,108.2155,quan-hai-chau,mua-nha-hem-ngo/,3900000000
73,2,3,16.02577,108.20979,quan-cam-le,mua-nha-mat-tien-pho/,3900000000
58,2,2,16.05577,108.23296,quan-son-tra,mua-nha-mat-tien-pho/,3900000000
73,2,2,16.02577,108.20979,quan-cam-le,mua-nha-mat-tien-pho/,3900000000
73,3,3,16.02577,108.20979,quan-cam-le,mua-nha-mat-tien-pho/,3900000000
73,3,3,16.02577,108.20979,quan-cam-le,mua-nha-mat-tien-pho/,3900000000
155,3,2,16.08428,108.15575,quan-lien-chieu,mua-nha-mat-tien-pho/,3900000000
82,2,2,16.03851,108.24755,quan-ngu-hanh-son,mua-can-ho-chung-cu/,3900000000
75,9,6,16.06838,108.19679,quan-thanh-khe,mua-nha-hem-ngo/,3900000000
58,2,2,16.05504,108.23528,quan-son-tra,mua-nha-mat-tien-pho/,3900000000
73,2,2,16.02577,108.20979,quan-cam-le,mua-nha-mat-tien-pho/,3900000000
75,9,6,16.06838,108.19679,quan-thanh-khe,mua-nha-hem-ngo/,3900000000
155,3,2,16.08428,108.15575,quan-lien-chieu,mua-nha-mat-tien-pho/,3900000000
90,0,0,16.10454,108.25893,quan-son-tra,mua-dat-tho-cu/,3900000000
73,3,3,16.02577,108.20979,quan-cam-le,mua-nha-mat-tien-pho/,3900000000
63,2,2,16.07733,108.2155,quan-hai-chau,mua-nha-hem-ngo/,3900000000
44,3,3,16.06746,108.19719,quan-thanh-khe,mua-nha-hem-ngo/,3900000000
63,2,2,16.07733,108.2155,quan-hai-chau,mua-nha-hem-ngo/,3900000000
58,2,1,16.08922,108.21798,quan-hai-chau,mua-nha-mat-tien-pho/,3949000000
48,3,3,16.0789,108.21699,quan-hai-chau,mua-nha-hem-ngo/,3950000000
56,0,0,16.08954,108.21764,quan-hai-chau,mua-nha-mat-tien-pho/,3950000000
75,3,4,16.07191,108.17987,quan-thanh-khe,mua-nha-hem-ngo/,3950000000
59,2,1,16.08922,108.21798,quan-hai-chau,mua-nha-mat-tien-pho/,3950000000
100,0,0,16.01834,108.22411,quan-cam-le,mua-dat-tho-cu/,3950000000
61,0,0,16.04402,108.23856,quan-ngu-hanh-son,mua-dat-tho-cu/,3950000000
95,0,0,16.02826,108.24208,quan-ngu-hanh-son,mua-dat-tho-cu/,3950000000
80,4,4,16.05448,108.18343,quan-thanh-khe,mua-nha-hem-ngo/,3980000000
80,3,3,16.04915,108.18531,quan-thanh-khe,mua-nha-hem-ngo/,3980000000
61,5,3,16.06793,108.18581,quan-thanh-khe,mua-nha-hem-ngo/,3990000000
80,3,2,16.0721,108.22971,quan-son-tra,mua-nha-hem-ngo/,3999000000
80,2,2,16.0558,108.22367,quan-hai-chau,mua-can-ho-chung-cu/,4000000000
90,3,2,16.01882,108.19493,quan-cam-le,mua-nha-mat-tien-pho/,4000000000
43,2,1,16.09023,108.24266,quan-son-tra,mua-nha-mat-tien-pho/,4000000000
62,2,2,16.1061,108.13558,quan-lien-chieu,mua-can-ho-chung-cu/,4000000000
60,2,2,16.05655,108.24693,quan-son-tra,mua-can-ho-chung-cu/,4000000000
100,2,2,16.00969,108.20653,quan-cam-le,mua-nha-mat-tien-pho/,4000000000
60,2,2,16.07031,108.24423,quan-son-tra,mua-can-ho-chung-cu/,4000000000
1354,0,0,16.03746,108.0676,huyen-hoa-vang,mua-dat-tho-cu/,4000000000
105,3,2,16.03851,108.24755,quan-ngu-hanh-son,mua-can-ho-chung-cu/,4000000000
90,6,5,16.07371,108.21071,quan-thanh-khe,mua-nha-hem-ngo/,4000000000
75,3,2,16.08669,108.24492,quan-son-tra,mua-nha-mat-tien-pho/,4000000000
100,0,0,16.06009,108.18561,quan-thanh-khe,mua-nha-mat-tien-pho/,4000000000
43,2,1,16.09023,108.24266,quan-son-tra,mua-nha-mat-tien-pho/,4000000000
85,3,3,16.06702,108.20747,quan-thanh-khe,mua-nha-hem-ngo/,4050000000
100,2,2,16.06688,108.1799,quan-thanh-khe,mua-nha-hem-ngo/,4050000000
82,2,2,16.03851,108.24755,quan-ngu-hanh-son,mua-can-ho-chung-cu/,4100000000
59,2,1,16.08922,108.21798,quan-hai-chau,mua-nha-mat-tien-pho/,4100000000
67,3,2,16.06166,108.24544,quan-son-tra,mua-nha-hem-ngo/,4100000000
59,2,1,16.08922,108.21798,quan-hai-chau,mua-nha-mat-tien-pho/,4100000000
92,4,4,16.05222,108.17557,quan-cam-le,mua-nha-mat-tien-pho/,4100000000
85,3,2,16.05799,108.15665,quan-lien-chieu,mua-nha-mat-tien-pho/,4100000000
80,8,8,16.03328,108.22257,quan-hai-chau,mua-nha-hem-ngo/,4200000000
84,2,3,16.09302,108.24266,quan-son-tra,mua-nha-mat-tien-pho/,4200000000
100,3,3,16.01412,108.19179,quan-cam-le,mua-nha-mat-tien-pho/,4200000000
105,3,3,16.06009,108.18561,quan-thanh-khe,mua-nha-mat-tien-pho/,4200000000
75,1,1,16.07729,108.17301,quan-thanh-khe,mua-nha-mat-tien-pho/,4200000000
196,3,1,16.06812,108.15036,quan-lien-chieu,mua-nha-mat-tien-pho/,4200000000
95,0,0,16.02637,108.24249,quan-ngu-hanh-son,mua-dat-tho-cu/,4200000000
100,3,3,16.0096,108.22451,quan-cam-le,mua-nha-mat-tien-pho/,4200000000
83,3,2,16.05261,108.20901,quan-hai-chau,mua-nha-hem-ngo/,4250000000
105,0,0,16.08011,108.16358,quan-lien-chieu,mua-dat-tho-cu/,4250000000
105,0,0,16.08011,108.16358,quan-lien-chieu,mua-dat-tho-cu/,4250000000
67,3,3,16.05962,108.20926,quan-thanh-khe,mua-nha-hem-ngo/,4280000000
71,1,1,16.08565,108.23356,quan-son-tra,mua-nha-mat-tien-pho/,4280000000
107,4,3,16.04797,108.15633,quan-lien-chieu,mua-nha-biet-thu-lien-ke/,4290000000
55,3,4,16.05817,108.20961,quan-thanh-khe,mua-nha-hem-ngo/,4290000000
102,2,2,16.00442,108.21512,quan-cam-le,mua-nha-mat-tien-pho/,4300000000
91,0,0,16.00425,108.22051,quan-cam-le,mua-dat-tho-cu/,4300000000
100,0,0,16.02591,108.24014,quan-ngu-hanh-son,mua-dat-kho-xuong/,4300000000
102,1,1,16.04433,108.2447,quan-ngu-hanh-son,mua-nha-mat-tien-pho/,4300000000
80,2,2,16.06306,108.24195,quan-son-tra,mua-can-ho-chung-cu/,4300000000
100,2,1,16.02474,108.24536,quan-ngu-hanh-son,mua-nha-mat-tien-pho/,4300000000
94,0,0,15.9829,108.27331,quan-ngu-hanh-son,mua-dat-tho-cu/,4300000000
102,0,0,16.04433,108.2447,quan-ngu-hanh-son,mua-dat-tho-cu/,4300000000
52,0,0,16.04673,108.24238,quan-ngu-hanh-son,mua-dat-tho-cu/,4350000000
95,0,0,16.02594,108.24331,quan-ngu-hanh-son,mua-dat-tho-cu/,4350000000
54,3,3,16.06352,108.20856,quan-thanh-khe,mua-nha-hem-ngo/,4360000000
54,3,3,16.06352,108.20856,quan-thanh-khe,mua-nha-hem-ngo/,4360000000
60,3,4,16.06851,108.20916,quan-thanh-khe,mua-nha-hem-ngo/,4390000000
115,0,0,16.05362,108.23785,quan-ngu-hanh-son,mua-dat-tho-cu/,4399000000
75,4,4,16.03686,108.21903,quan-hai-chau,mua-nha-mat-tien-pho/,4400000000
72,3,2,16.09335,108.22744,quan-son-tra,mua-nha-mat-tien-pho/,4400000000
102,0,0,16.04433,108.2447,quan-ngu-hanh-son,mua-dat-tho-cu/,4400000000
114,0,0,16.05638,108.24681,quan-ngu-hanh-son,mua-dat-tho-cu/,4400000000
90,0,0,15.9803,108.25236,quan-ngu-hanh-son,mua-dat-tho-cu/,4400000000
100,3,2,16.0096,108.22451,quan-cam-le,mua-nha-mat-tien-pho/,4450000000
85,3,2,16.03099,108.22059,quan-hai-chau,mua-nha-mat-tien-pho/,4490000000
72,2,2,16.08946,108.23209,quan-son-tra,mua-nha-mat-tien-pho/,4490000000
80,2,2,16.05655,108.24693,quan-son-tra,mua-can-ho-chung-cu/,4500000000
83,2,2,16.1061,108.13558,quan-lien-chieu,mua-can-ho-chung-cu/,4500000000
51,2,2,16.0558,108.22367,quan-hai-chau,mua-can-ho-chung-cu/,4500000000
100,0,0,16.01898,108.25492,quan-ngu-hanh-son,mua-dat-tho-cu/,4500000000
80,2,2,16.1061,108.13558,quan-lien-chieu,mua-can-ho-penthouse/,4500000000
70,4,4,16.05823,108.21715,quan-hai-chau,mua-nha-hem-ngo/,4500000000
60,0,1,16.03002,108.22549,quan-hai-chau,mua-nha-hem-ngo/,4500000000
100,4,4,16.03277,108.22202,quan-hai-chau,mua-nha-mat-tien-pho/,4500000000
85,3,2,16.05561,108.2387,quan-son-tra,mua-nha-hem-ngo/,4500000000
75,0,0,16.09352,108.24243,quan-son-tra,mua-dat-tho-cu/,4500000000
105,3,2,16.03851,108.24755,quan-ngu-hanh-son,mua-can-ho-chung-cu/,4500000000
26,4,3,16.07243,108.20271,quan-thanh-khe,mua-nha-mat-tien-pho/,4500000000
70,4,4,16.08428,108.15575,quan-lien-chieu,mua-nha-mat-tien-pho/,4500000000
120,0,0,16.1061,108.13558,quan-lien-chieu,mua-dat-tho-cu/,4500000000
140,0,0,16.05243,108.1776,quan-cam-le,mua-dat-tho-cu/,4500000000
68,3,2,16.08061,108.21562,quan-hai-chau,mua-nha-mat-tien-pho/,4500000000
71,3,3,16.05173,108.22054,quan-hai-chau,mua-nha-hem-ngo/,4500000000
105,3,2,16.03851,108.24755,quan-ngu-hanh-son,mua-can-ho-chung-cu/,4500000000
90,0,0,16.02394,108.24095,quan-ngu-hanh-son,mua-dat-tho-cu/,4550000000
72,2,2,16.08946,108.23209,quan-son-tra,mua-nha-hem-ngo/,4550000000
43,1,1,16.04673,108.24238,quan-ngu-hanh-son,mua-nha-hem-ngo/,4560000000
52,0,0,16.04969,108.24818,quan-ngu-hanh-son,mua-dat-tho-cu/,4600000000
124,1,1,16.0606,108.18981,quan-thanh-khe,mua-nha-hem-ngo/,4600000000
105,3,2,16.03851,108.24755,quan-ngu-hanh-son,mua-can-ho-chung-cu/,4600000000
100,3,3,16.05827,108.174,quan-cam-le,mua-nha-mat-tien-pho/,4600000000
54,3,4,16.07688,108.21215,quan-hai-chau,mua-duong-noi-bo/,4650000000
100,0,0,16.10663,108.25766,quan-son-tra,mua-dat-tho-cu/,4650000000
75,3,2,16.03391,108.21354,quan-cam-le,mua-nha-mat-tien-pho/,4650000000
70,3,3,16.03114,108.22694,quan-hai-chau,mua-nha-mat-tien-pho/,4700000000
70,3,3,16.03114,108.22694,quan-hai-chau,mua-nha-mat-tien-pho/,4700000000
100,3,3,38.89037,-77.03196,quan-cam-le,mua-nha-mat-tien-pho/,4700000000
72,3,2,16.02898,108.21231,quan-cam-le,mua-nha-mat-tien-pho/,4700000000
70,3,3,16.03114,108.22694,quan-hai-chau,mua-nha-mat-tien-pho/,4700000000
70,3,3,16.03114,108.22694,quan-hai-chau,mua-nha-mat-tien-pho/,4700000000
73,2,2,16.03299,108.21183,quan-cam-le,mua-nha-mat-tien-pho/,4700000000
115,4,2,16.09203,108.24714,quan-son-tra,mua-nha-mat-tien-pho/,4700000000
96,0,0,16.08441,108.23604,quan-son-tra,mua-dat-tho-cu/,4700000000
100,3,2,16.0058,108.2198,quan-cam-le,mua-nha-mat-tien-pho/,4700000000
64,2,3,16.04779,108.24168,quan-ngu-hanh-son,mua-nha-mat-tien-pho/,4700000000
70,3,3,16.03114,108.22694,quan-hai-chau,mua-nha-mat-tien-pho/,4700000000
78,2,2,16.03391,108.21354,quan-cam-le,mua-nha-mat-tien-pho/,4700000000
100,0,0,16.02611,108.24381,quan-ngu-hanh-son,mua-dat-tho-cu/,4700000000
89,0,0,16.03718,108.24387,quan-ngu-hanh-son,mua-dat-nen-du-an/,4700000000
105,3,2,16.03851,108.24755,quan-ngu-hanh-son,mua-can-ho-chung-cu/,4725000000
100,0,0,16.01533,108.22171,quan-cam-le,mua-dat-tho-cu/,4750000000
98,0,0,16.01533,108.22171,quan-cam-le,mua-dat-tho-cu/,4750000000
100,4,3,16.01171,108.21869,quan-cam-le,mua-nha-mat-tien-pho/,4750000000
99,0,0,16.01533,108.22171,quan-cam-le,mua-dat-tho-cu/,4750000000
122,3,3,16.05104,108.17479,quan-cam-le,mua-nha-mat-tien-pho/,4750000000
112,3,2,16.05515,108.21731,quan-hai-chau,mua-nha-hem-ngo/,4750000000
100,3,4,16.01171,108.21869,quan-cam-le,mua-nha-mat-tien-pho/,4750000000
76,2,2,16.08881,108.22049,quan-hai-chau,mua-can-ho-chung-cu/,4800000000
97,4,4,16.07486,108.17162,quan-thanh-khe,mua-nha-mat-tien-pho/,4800000000
100,0,0,16.02611,108.24381,quan-ngu-hanh-son,mua-dat-tho-cu/,4800000000
90,3,3,16.03093,108.24605,quan-ngu-hanh-son,mua-nha-mat-tien-pho/,4800000000
64,4,4,16.08526,108.21779,quan-hai-chau,mua-nha-mat-tien-pho/,4800000000
81,0,0,16.03834,108.21744,quan-hai-chau,mua-nha-mat-tien-pho/,4800000000
76,2,2,16.03195,108.22642,quan-hai-chau,mua-nha-mat-tien-pho/,4800000000
89,3,4,16.05519,108.20532,quan-hai-chau,mua-nha-hem-ngo/,4800000000
66,0,0,16.06556,108.2415,quan-son-tra,mua-dat-tho-cu/,4800000000
97,4,4,16.07486,108.17162,quan-thanh-khe,mua-nha-mat-tien-pho/,4800000000
97,4,4,16.07486,108.17162,quan-thanh-khe,mua-nha-mat-tien-pho/,4800000000
60,0,0,16.04729,108.24194,quan-ngu-hanh-son,mua-dat-tho-cu/,4800000000
72,3,4,16.08286,108.16059,quan-lien-chieu,mua-nha-mat-tien-pho/,4800000000
97,4,4,16.07486,108.17162,quan-thanh-khe,mua-nha-mat-tien-pho/,4800000000
97,4,4,16.07486,108.17162,quan-thanh-khe,mua-nha-mat-tien-pho/,4800000000
90,1,1,16.08565,108.23356,quan-son-tra,mua-nha-mat-tien-pho/,4800000000
59,3,3,16.08922,108.21798,quan-hai-chau,mua-nha-mat-tien-pho/,4850000000
75,3,2,16.05827,108.174,quan-cam-le,mua-nha-mat-tien-pho/,4850000000
80,3,2,16.05827,108.174,quan-cam-le,mua-nha-mat-tien-pho/,4850000000
85,3,3,16.08125,108.21714,quan-hai-chau,mua-nha-mat-tien-pho/,4900000000
64,2,3,16.04779,108.24168,quan-ngu-hanh-son,mua-nha-mat-tien-pho/,4900000000
121,0,0,16.02474,108.24536,quan-ngu-hanh-son,mua-dat-tho-cu/,4900000000
107,1,1,16.00641,108.23998,quan-ngu-hanh-son,mua-nha-mat-tien-pho/,4900000000
58,2,2,16.07686,108.23455,quan-son-tra,mua-nha-mat-tien-pho/,4900000000
77,2,1,16.05559,108.23997,quan-son-tra,mua-nha-mat-tien-pho/,4950000000
55,3,4,16.05441,108.2118,quan-thanh-khe,mua-nha-mat-tien-pho/,4950000000
74,4,3,16.03409,108.21264,quan-cam-le,mua-nha-mat-tien-pho/,4950000000
78,4,5,16.0395,108.24862,quan-ngu-hanh-son,mua-nha-mat-tien-pho/,4990000000
61,3,2,16.04744,108.24092,quan-ngu-hanh-son,mua-nha-mat-tien-pho/,4990000000
90,3,2,16.09022,108.24169,quan-son-tra,mua-nha-mat-tien-pho/,4990000000
78,4,5,16.0395,108.24862,quan-ngu-hanh-son,mua-nha-mat-tien-pho/,4990000000
55,6,6,16.07031,108.21342,quan-thanh-khe,mua-nha-hem-ngo/,5000000000
100,0,0,16.04355,108.23758,quan-ngu-hanh-son,mua-dat-tho-cu/,5000000000
64,2,2,16.06427,108.23062,quan-son-tra,mua-nha-mat-tien-pho/,5000000000
100,0,0,16.07331,108.24296,quan-son-tra,mua-dat-tho-cu/,5000000000
100,0,0,16.02051,108.21143,quan-cam-le,mua-dat-tho-cu/,5000000000
100,4,4,16.0098,108.21884,quan-cam-le,mua-nha-mat-tien-pho/,5000000000
80,0,0,16.03113,108.226,quan-hai-chau,mua-nha-mat-tien-pho/,5000000000
75,3,2,16.03513,108.21985,quan-hai-chau,mua-nha-mat-tien-pho/,5000000000
80,2,2,16.1061,108.13558,quan-lien-chieu,mua-can-ho-chung-cu/,5000000000
80,2,2,16.05655,108.24693,quan-son-tra,mua-can-ho-chung-cu/,5000000000
85,3,3,16.02252,108.21067,quan-cam-le,mua-nha-mat-tien-pho/,5200000000
72,0,0,16.03847,108.21274,quan-hai-chau,mua-nha-mat-tien-pho/,5200000000
72,0,0,16.03847,108.21274,quan-hai-chau,mua-nha-mat-tien-pho/,5200000000
128,0,0,16.09579,108.22874,quan-son-tra,mua-dat-tho-cu/,5200000000
90,3,2,16.07405,108.22958,quan-son-tra,mua-nha-mat-tien-pho/,5200000000
53,2,2,16.049,108.24005,quan-ngu-hanh-son,mua-nha-mat-tien-pho/,5200000000
56,2,2,16.06594,108.24045,quan-son-tra,mua-nha-mat-tien-pho/,5200000000
72,0,0,16.03847,108.21274,quan-hai-chau,mua-nha-mat-tien-pho/,5200000000
100,0,0,16.01672,108.20859,quan-cam-le,mua-dat-tho-cu/,5200000000
72,0,0,16.03847,108.21274,quan-hai-chau,mua-nha-mat-tien-pho/,5200000000
85,2,2,16.07688,108.21215,quan-hai-chau,mua-nha-hem-ngo/,5200000000
56,3,3,16.06764,108.24046,quan-son-tra,mua-nha-mat-tien-pho/,5200000000
90,3,3,16.06076,108.16968,quan-lien-chieu,mua-nha-mat-tien-pho/,5200000000
100,0,0,16.04717,108.23687,quan-ngu-hanh-son,mua-dat-tho-cu/,5200000000
81,3,3,16.06261,108.1914,quan-thanh-khe,mua-nha-mat-tien-pho/,5250000000
75,0,0,16.0752,108.24058,quan-son-tra,mua-dat-tho-cu/,5300000000
90,3,4,16.01898,108.25492,quan-ngu-hanh-son,mua-nha-mat-tien-pho/,5300000000
90,4,4,16.06076,108.16968,quan-lien-chieu,mua-nha-mat-tien-pho/,5300000000
85,0,0,16.02252,108.21067,quan-cam-le,mua-nha-mat-tien-pho/,5300000000
90,4,4,16.06076,108.16968,quan-lien-chieu,mua-nha-mat-tien-pho/,5300000000
100,3,2,16.08759,108.23913,quan-son-tra,mua-nha-mat-tien-pho/,5300000000
127,0,0,16.00005,108.21795,quan-cam-le,mua-dat-tho-cu/,5300000000
90,4,4,16.06076,108.16968,quan-lien-chieu,mua-nha-mat-tien-pho/,5300000000
118,0,0,16.04611,108.24474,quan-ngu-hanh-son,mua-dat-tho-cu/,5300000000
100,3,3,15.98893,108.2077,huyen-hoa-vang,mua-nha-mat-tien-pho/,5300000000
58,2,2,16.05783,108.21058,quan-thanh-khe,mua-nha-hem-ngo/,5490000000
79,4,4,16.07371,108.21071,quan-thanh-khe,mua-nha-mat-tien-pho/,5500000000
300,0,0,16.09512,108.13844,quan-lien-chieu,mua-dat-nen-du-an/,5500000000
78,0,0,16.05342,108.23435,quan-son-tra,mua-dat-tho-cu/,5500000000
100,2,1,16.04355,108.23758,quan-ngu-hanh-son,mua-nha-mat-tien-pho/,5500000000
240,0,0,16.01607,108.22902,quan-cam-le,mua-dat-tho-cu/,5500000000
100,3,2,16.08441,108.23604,quan-son-tra,mua-nha-mat-tien-pho/,5500000000
69,5,6,16.04402,108.23856,quan-ngu-hanh-son,mua-nha-mat-tien-pho/,5590000000
81,3,3,16.06261,108.1914,quan-thanh-khe,mua-nha-mat-tien-pho/,5600000000
80,2,2,16.03788,108.21496,quan-hai-chau,mua-nha-mat-tien-pho/,5600000000
70,3,3,16.03309,108.21848,quan-hai-chau,mua-nha-mat-tien-pho/,5600000000
92,2,1,16.04112,108.21221,quan-hai-chau,mua-nha-mat-tien-pho/,5600000000
75,3,3,16.07338,108.16824,quan-lien-chieu,mua-nha-mat-tien-pho/,5600000000
70,3,3,16.03309,108.21848,quan-hai-chau,mua-nha-mat-tien-pho/,5600000000
80,2,2,16.03788,108.21496,quan-hai-chau,mua-nha-mat-tien-pho/,5600000000
80,4,4,16.05448,108.18343,quan-thanh-khe,mua-nha-mat-tien-pho/,5600000000
81,0,0,16.06261,108.1914,quan-thanh-khe,mua-nha-mat-tien-pho/,5600000000
69,3,2,16.06879,108.19998,quan-thanh-khe,mua-nha-hem-ngo/,5600000000
80,2,2,16.03788,108.21496,quan-hai-chau,mua-nha-mat-tien-pho/,5600000000
66,2,2,16.06413,108.23249,quan-son-tra,mua-nha-mat-tien-pho/,5600000000
81,3,3,16.06261,108.1914,quan-thanh-khe,mua-nha-mat-tien-pho/,5600000000
81,3,3,16.06261,108.1914,quan-thanh-khe,mua-nha-mat-tien-pho/,5600000000
100,5,4,16.01792,108.2324,quan-cam-le,mua-nha-mat-tien-pho/,5600000000
59,3,4,16.07728,108.22003,quan-hai-chau,mua-duong-noi-bo/,5600000000
66,2,2,16.06413,108.23249,quan-son-tra,mua-nha-mat-tien-pho/,5600000000
81,3,3,16.06261,108.1914,quan-thanh-khe,mua-nha-mat-tien-pho/,5600000000
70,3,3,16.03309,108.21848,quan-hai-chau,mua-nha-mat-tien-pho/,5600000000
66,2,2,16.06413,108.23249,quan-son-tra,mua-nha-mat-tien-pho/,5600000000
76,0,0,16.05762,108.23751,quan-son-tra,mua-dat-tho-cu/,5650000000
101,2,3,16.04513,108.211,quan-hai-chau,mua-nha-hem-ngo/,5650000000
76,2,1,16.0603,108.23628,quan-son-tra,mua-nha-mat-tien-pho/,5650000000
101,2,3,16.04513,108.211,quan-hai-chau,mua-duong-noi-bo/,5650000000
67,1,2,16.07686,108.23455,quan-son-tra,mua-nha-mat-tien-pho/,5650000000
100,3,4,16.01792,108.2324,quan-cam-le,mua-nha-mat-tien-pho/,5690000000
64,0,0,16.03473,108.21791,quan-hai-chau,mua-nha-mat-tien-pho/,5700000000
99,2,2,16.04355,108.23758,quan-ngu-hanh-son,mua-nha-mat-tien-pho/,5700000000
137,9,8,16.05085,108.24319,quan-ngu-hanh-son,mua-nha-hem-ngo/,5700000000
54,4,3,16.07686,108.23455,quan-son-tra,mua-nha-mat-tien-pho/,5750000000
63,0,0,16.06016,108.21233,quan-thanh-khe,mua-nha-mat-tien-pho/,5800000000
97,0,0,16.08532,108.24269,quan-son-tra,mua-dat-tho-cu/,5800000000
66,4,2,16.06413,108.23249,quan-son-tra,mua-nha-mat-tien-pho/,5800000000
70,4,4,16.03272,108.21844,quan-hai-chau,mua-nha-mat-tien-pho/,5800000000
56,3,2,16.06802,108.24217,quan-son-tra,mua-nha-mat-tien-pho/,5800000000
69,0,0,16.06228,108.237,quan-son-tra,mua-nha-mat-tien-pho/,5800000000
108,4,2,16.0724,108.16904,quan-lien-chieu,mua-nha-mat-tien-pho/,5800000000
57,2,2,16.08283,108.21394,quan-hai-chau,mua-nha-mat-tien-pho/,5800000000
90,4,3,16.10043,108.25233,quan-son-tra,mua-nha-hem-ngo/,5900000000
111,0,0,16.08281,108.23586,quan-son-tra,mua-dat-tho-cu/,5900000000
80,3,3,16.06433,108.19121,quan-thanh-khe,mua-nha-mat-tien-pho/,5900000000
120,0,0,16.02611,108.24381,quan-ngu-hanh-son,mua-dat-tho-cu/,5900000000
117,2,2,16.06886,108.18597,quan-thanh-khe,mua-nha-mat-tien-pho/,5900000000
120,2,2,16.02874,108.21085,quan-cam-le,mua-nha-mat-tien-pho/,5950000000
100,0,0,16.01412,108.19179,quan-cam-le,mua-dat-nen-du-an/,5950000000
110,0,0,16.08281,108.23586,quan-son-tra,mua-dat-tho-cu/,5990000000
125,3,4,15.98015,108.25316,quan-ngu-hanh-son,mua-nha-mat-tien-pho/,5990000000
127,6,6,16.02474,108.24536,quan-ngu-hanh-son,mua-nha-mat-tien-pho/,6000000000
84,4,3,16.03121,108.22883,quan-hai-chau,mua-nha-mat-tien-pho/,6100000000
100,0,0,16.01694,108.22441,quan-cam-le,mua-dat-tho-cu/,6100000000
100,3,2,16.02617,108.24185,quan-ngu-hanh-son,mua-nha-mat-tien-pho/,6150000000
210,2,2,16.06301,108.1694,quan-lien-chieu,mua-nha-mat-tien-pho/,6200000000
105,10,10,16.05519,108.20532,quan-hai-chau,mua-nha-hem-ngo/,6200000000
97,4,4,16.03799,108.24602,quan-ngu-hanh-son,mua-nha-mat-tien-pho/,6200000000
72,4,3,16.03396,108.21722,quan-hai-chau,mua-nha-mat-tien-pho/,6200000000
70,2,2,16.06594,108.24045,quan-son-tra,mua-nha-mat-tien-pho/,6200000000
86,0,0,16.03409,108.21264,quan-cam-le,mua-nha-mat-tien-pho/,6200000000
92,2,2,16.08881,108.22049,quan-hai-chau,mua-can-ho-chung-cu/,6200000000
86,2,3,16.03409,108.21264,quan-cam-le,mua-nha-mat-tien-pho/,6200000000
105,10,10,16.05519,108.20532,quan-hai-chau,mua-nha-hem-ngo/,6200000000
105,10,10,16.05519,108.20532,quan-hai-chau,mua-nha-hem-ngo/,6200000000
65,2,2,16.08283,108.21394,quan-hai-chau,mua-nha-mat-tien-pho/,6250000000
79,0,0,16.06181,108.23028,quan-son-tra,mua-dat-tho-cu/,6250000000
97,2,1,16.04239,108.24358,quan-ngu-hanh-son,mua-nha-mat-tien-pho/,6300000000
97,3,2,16.07044,108.14835,quan-lien-chieu,mua-nha-mat-tien-pho/,6300000000
80,2,2,16.08139,108.24486,quan-son-tra,mua-nha-mat-tien-pho/,6300000000
90,2,4,16.05684,108.20377,quan-hai-chau,mua-nha-mat-tien-pho/,6400000000
76,3,3,16.06438,108.2328,quan-son-tra,mua-nha-mat-tien-pho/,6500000000
70,2,2,16.0558,108.22367,quan-hai-chau,mua-can-ho-chung-cu/,6500000000
11000000,0,0,16.03581,108.12537,huyen-hoa-vang,mua-dat-nong-nghiep/,6500000000
72,2,2,16.0558,108.22367,quan-hai-chau,mua-can-ho-chung-cu/,6500000000
60,3,4,16.03673,108.22328,quan-hai-chau,mua-nha-mat-tien-pho/,6500000000
80,3,2,16.08276,108.24231,quan-son-tra,mua-nha-mat-tien-pho/,6500000000
80,3,2,16.07686,108.23455,quan-son-tra,mua-nha-mat-tien-pho/,6500000000
82,7,7,16.05461,108.24057,quan-son-tra,mua-nha-hem-ngo/,6600000000
76,4,4,16.04419,108.21829,quan-hai-chau,mua-nha-mat-tien-pho/,6600000000
167,14,0,16.04696,108.23684,quan-ngu-hanh-son,mua-duong-noi-bo/,6700000000
72,3,3,16.04384,108.21232,quan-hai-chau,mua-nha-mat-tien-pho/,6700000000
72,3,3,16.04384,108.21232,quan-hai-chau,mua-nha-mat-tien-pho/,6700000000
72,3,3,16.04384,108.21232,quan-hai-chau,mua-nha-mat-tien-pho/,6700000000
81,3,3,16.05685,108.24449,quan-son-tra,mua-nha-mat-tien-pho/,6800000000
100,4,4,16.0593,108.18531,quan-thanh-khe,mua-nha-mat-tien-pho/,6800000000
100,4,4,16.0593,108.18531,quan-thanh-khe,mua-nha-mat-tien-pho/,6800000000
81,3,3,16.06387,108.18914,quan-thanh-khe,mua-nha-mat-tien-pho/,6800000000
110,3,4,16.09579,108.22874,quan-son-tra,mua-nha-mat-tien-pho/,6900000000
98,3,2,16.05504,108.23528,quan-son-tra,mua-nha-mat-tien-pho/,6900000000
42,3,3,16.04886,108.21681,quan-hai-chau,mua-nha-mat-tien-pho/,6900000000
110,3,4,16.09579,108.22874,quan-son-tra,mua-nha-mat-tien-pho/,6900000000
88,0,0,16.06986,108.23666,quan-son-tra,mua-dat-tho-cu/,6990000000
99,3,3,16.00425,108.22051,quan-cam-le,mua-nha-mat-tien-pho/,6999000000
80,0,0,16.04355,108.23758,quan-ngu-hanh-son,mua-dat-tho-cu/,7000000000
80,0,0,16.03513,108.21985,quan-hai-chau,mua-nha-mat-tien-pho/,7000000000
62,1,1,16.06614,108.24263,quan-son-tra,mua-nha-mat-tien-pho/,7000000000
127,0,0,16.01959,108.22899,quan-cam-le,mua-dat-tho-cu/,7000000000
70,5,4,16.03272,108.21844,quan-hai-chau,mua-nha-mat-tien-pho/,7000000000
105,2,2,16.0558,108.22367,quan-hai-chau,mua-can-ho-chung-cu/,7000000000
79,0,0,16.04355,108.23758,quan-ngu-hanh-son,mua-dat-tho-cu/,7000000000
132,0,0,16.02611,108.24381,quan-ngu-hanh-son,mua-dat-tho-cu/,7100000000
125,0,0,16.05243,108.1776,quan-cam-le,mua-nha-mat-tien-pho/,7100000000
120,4,4,16.02531,108.21319,quan-cam-le,mua-nha-mat-tien-pho/,7100000000
123,5,4,16.09745,108.23316,quan-son-tra,mua-nha-biet-thu-lien-ke/,7190000000
68,4,4,16.07802,108.21446,quan-hai-chau,mua-nha-mat-tien-pho/,7200000000
68,4,4,16.07802,108.21446,quan-hai-chau,mua-nha-mat-tien-pho/,7200000000
68,4,4,16.07802,108.21446,quan-hai-chau,mua-nha-mat-tien-pho/,7200000000
68,7,7,16.04221,108.2431,quan-ngu-hanh-son,mua-nha-mat-tien-pho/,7200000000
68,4,4,16.07802,108.21446,quan-hai-chau,mua-nha-mat-tien-pho/,7200000000
80,0,0,16.08061,108.21562,quan-hai-chau,mua-dat-tho-cu/,7200000000
166,0,0,16.00354,108.21747,quan-cam-le,mua-dat-tho-cu/,7200000000
90,4,4,16.03153,108.21871,quan-hai-chau,mua-nha-mat-tien-pho/,7300000000
162,4,2,16.07146,108.22133,quan-hai-chau,mua-nha-mat-tien-pho/,7300000000
101,0,0,16.08043,108.23139,quan-son-tra,mua-dat-tho-cu/,7300000000
90,4,4,16.03153,108.21871,quan-hai-chau,mua-nha-mat-tien-pho/,7300000000
80,0,0,16.03845,108.21751,quan-hai-chau,mua-nha-mat-tien-pho/,7500000000
90,6,6,16.02617,108.24185,quan-ngu-hanh-son,mua-nha-mat-tien-pho/,7500000000
97,3,8,16.03475,108.20878,quan-cam-le,mua-nha-mat-tien-pho/,7500000000
90,20,20,16.03357,108.21508,quan-hai-chau,mua-nha-mat-tien-pho/,7500000000
110,14,14,16.03895,108.2383,quan-ngu-hanh-son,mua-nha-mat-tien-pho/,7500000000
97,3,8,16.03475,108.20878,quan-cam-le,mua-nha-mat-tien-pho/,7500000000
88,0,0,16.06986,108.23666,quan-son-tra,mua-dat-tho-cu/,7500000000
90,20,20,16.03357,108.21508,quan-hai-chau,mua-nha-mat-tien-pho/,7500000000
96,0,0,16.03475,108.20878,quan-cam-le,mua-nha-mat-tien-pho/,7500000000
90,20,20,16.03357,108.21508,quan-hai-chau,mua-nha-mat-tien-pho/,7500000000
47,3,2,16.08134,108.22128,quan-hai-chau,mua-nha-mat-tien-pho/,7500000000
47,3,2,16.08134,108.22128,quan-hai-chau,mua-nha-mat-tien-pho/,7500000000
90,4,3,16.05783,108.21058,quan-thanh-khe,mua-nha-hem-ngo/,7500000000
200,0,0,16.06802,108.24217,quan-son-tra,mua-dat-tho-cu/,7500000000
97,3,8,16.03475,108.20878,quan-cam-le,mua-nha-mat-tien-pho/,7500000000
90,20,20,16.03357,108.21508,quan-hai-chau,mua-nha-mat-tien-pho/,7500000000
97,3,8,16.03475,108.20878,quan-cam-le,mua-nha-mat-tien-pho/,7500000000
161,2,1,16.05243,108.1776,quan-cam-le,mua-nha-mat-tien-pho/,7500000000
75,3,2,16.04812,108.23801,quan-ngu-hanh-son,mua-nha-mat-tien-pho/,7600000000
88,4,3,16.07331,108.24296,quan-son-tra,mua-nha-mat-tien-pho/,7700000000
125,3,3,16.0366,108.21528,quan-hai-chau,mua-nha-mat-tien-pho/,7750000000
86,0,0,16.08122,108.24407,quan-son-tra,mua-dat-tho-cu/,7800000000
77,4,3,16.06026,108.243,quan-son-tra,mua-nha-mat-tien-pho/,7800000000
124,4,5,16.09745,108.23316,quan-son-tra,mua-nha-mat-tien-pho/,7800000000
70,4,3,16.06793,108.18581,quan-thanh-khe,mua-nha-mat-tien-pho/,7800000000
90,0,0,16.02037,108.25541,quan-ngu-hanh-son,mua-dat-tho-cu/,7800000000
108,0,0,16.07614,108.2184,quan-hai-chau,mua-dat-tho-cu/,7880000000
155,5,7,16.05823,108.21715,quan-hai-chau,mua-nha-mat-tien-pho/,7890000000
150,1,1,16.10421,108.25944,quan-son-tra,mua-nha-mat-tien-pho/,7900000000
44,3,3,16.04537,108.21836,quan-hai-chau,mua-nha-mat-tien-pho/,7900000000
102,0,0,16.05573,108.23339,quan-son-tra,mua-dat-tho-cu/,7900000000
70,8,9,16.06026,108.243,quan-son-tra,mua-nha-mat-tien-pho/,7900000000
67,8,8,16.06026,108.243,quan-son-tra,mua-nha-mat-tien-pho/,7900000000
61,5,6,16.06546,108.18288,quan-thanh-khe,mua-nha-mat-tien-pho/,7950000000
92,3,3,16.07899,108.2125,quan-hai-chau,mua-nha-mat-tien-pho/,8000000000
100,4,2,16.06593,108.19247,quan-thanh-khe,mua-nha-mat-tien-pho/,8000000000
79,3,3,16.03844,108.21584,quan-hai-chau,mua-nha-mat-tien-pho/,8000000000
79,3,3,16.03844,108.21584,quan-hai-chau,mua-nha-mat-tien-pho/,8000000000
79,3,3,16.03844,108.21584,quan-hai-chau,mua-nha-mat-tien-pho/,8000000000
92,3,3,16.07899,108.2125,quan-hai-chau,mua-nha-mat-tien-pho/,8000000000
79,3,3,16.03844,108.21584,quan-hai-chau,mua-nha-mat-tien-pho/,8000000000
79,3,3,16.03844,108.21584,quan-hai-chau,mua-nha-mat-tien-pho/,8000000000
92,3,3,16.07899,108.2125,quan-hai-chau,mua-nha-mat-tien-pho/,8000000000
93,0,0,16.07285,108.23704,quan-son-tra,mua-dat-tho-cu/,8000000000
143,3,3,16.08328,108.22888,quan-son-tra,mua-nha-mat-tien-pho/,8000000000
90,0,0,16.08053,108.24418,quan-son-tra,mua-dat-tho-cu/,8000000000
92,0,0,16.07899,108.2125,quan-hai-chau,mua-nha-mat-tien-pho/,8000000000
92,3,3,16.07899,108.2125,quan-hai-chau,mua-nha-mat-tien-pho/,8000000000
80,5,6,16.08814,108.21792,quan-hai-chau,mua-nha-mat-tien-pho/,8000000000
58,0,0,16.08134,108.22128,quan-hai-chau,mua-nha-mat-tien-pho/,8100000000
114,0,0,16.09788,108.23003,quan-son-tra,mua-dat-tho-cu/,8200000000
79,4,3,16.06899,108.23515,quan-son-tra,mua-nha-mat-tien-pho/,8200000000
190,0,0,16.02211,108.24532,quan-ngu-hanh-son,mua-dat-tho-cu/,8200000000
82,0,0,16.06509,108.22178,quan-hai-chau,mua-nha-mat-tien-pho/,8300000000
65,7,7,16.08814,108.21792,quan-hai-chau,mua-nha-mat-tien-pho/,8300000000
82,3,3,16.06509,108.22178,quan-hai-chau,mua-nha-hem-ngo/,8300000000
82,3,3,16.06509,108.22178,quan-hai-chau,mua-nha-hem-ngo/,8300000000
82,3,3,16.06509,108.22178,quan-hai-chau,mua-nha-hem-ngo/,8300000000
82,3,3,16.06509,108.22178,quan-hai-chau,mua-nha-hem-ngo/,8300000000
97,0,0,16.06026,108.243,quan-son-tra,mua-dat-tho-cu/,8300000000
110,6,4,16.04105,108.23907,quan-ngu-hanh-son,mua-nha-mat-tien-pho/,8300000000
160,0,0,16.01238,108.22979,quan-cam-le,mua-dat-tho-cu/,8300000000
90,0,0,16.08327,108.2333,quan-son-tra,mua-dat-kho-xuong/,8300000000
90,5,6,16.03086,108.22932,quan-hai-chau,mua-nha-mat-tien-pho/,8300000000
91,0,0,16.08327,108.2333,quan-son-tra,mua-dat-tho-cu/,8300000000
83,4,3,16.06509,108.22178,quan-hai-chau,mua-nha-hem-ngo/,8300000000
167,0,0,16.04335,108.22148,quan-hai-chau,mua-dat-tho-cu/,8400000000
60,7,7,16.05271,108.24424,quan-ngu-hanh-son,mua-nha-mat-tien-pho/,8500000000
60,7,7,16.05271,108.24424,quan-ngu-hanh-son,mua-nha-mat-tien-pho/,8500000000
175,0,0,16.03889,108.24683,quan-ngu-hanh-son,mua-dat-tho-cu/,8500000000
90,3,3,16.04082,108.21551,quan-hai-chau,mua-nha-mat-tien-pho/,8500000000
100,3,3,16.03124,108.22654,quan-hai-chau,mua-nha-mat-tien-pho/,8500000000
90,3,3,16.04082,108.21551,quan-hai-chau,mua-nha-mat-tien-pho/,8500000000
90,3,3,16.04082,108.21551,quan-hai-chau,mua-nha-mat-tien-pho/,8500000000
120,0,0,16.0721,108.22971,quan-son-tra,mua-dat-tho-cu/,8500000000
60,7,7,16.05271,108.24424,quan-ngu-hanh-son,mua-nha-mat-tien-pho/,8500000000
90,3,3,16.04082,108.21551,quan-hai-chau,mua-nha-mat-tien-pho/,8500000000
90,3,3,16.04082,108.21551,quan-hai-chau,mua-nha-mat-tien-pho/,8500000000
90,3,3,16.04082,108.21551,quan-hai-chau,mua-nha-mat-tien-pho/,8500000000
175,0,0,16.03889,108.24683,quan-ngu-hanh-son,mua-dat-tho-cu/,8500000000
115,1,1,16.03692,108.24453,quan-ngu-hanh-son,mua-nha-mat-tien-pho/,8600000000
130,3,2,16.05559,108.23997,quan-son-tra,mua-nha-mat-tien-pho/,8600000000
60,7,8,16.05271,108.24424,quan-ngu-hanh-son,mua-nha-mat-tien-pho/,8600000000
99,0,0,16.0558,108.22367,quan-hai-chau,mua-dat-tho-cu/,8600000000
60,6,6,16.05271,108.24424,quan-ngu-hanh-son,mua-nha-mat-tien-pho/,8600000000
115,1,1,16.03692,108.24453,quan-ngu-hanh-son,mua-nha-mat-tien-pho/,8600000000
100,0,0,16.06986,108.23666,quan-son-tra,mua-dat-tho-cu/,8650000000
100,0,0,16.06986,108.23666,quan-son-tra,mua-dat-tho-cu/,8650000000
100,0,0,16.06986,108.23666,quan-son-tra,mua-dat-tho-cu/,8650000000
100,0,0,16.06986,108.23666,quan-son-tra,mua-dat-kho-xuong/,8650000000
91,0,0,16.07285,108.23704,quan-son-tra,mua-dat-tho-cu/,8700000000
188,5,6,16.0253,108.24753,quan-ngu-hanh-son,mua-nha-biet-thu-lien-ke/,8700000000
66,3,3,16.07728,108.22003,quan-hai-chau,mua-nha-mat-tien-pho/,8800000000
109,0,0,16.03936,108.21654,quan-hai-chau,mua-nha-mat-tien-pho/,8800000000
83,4,4,16.04591,108.22215,quan-hai-chau,mua-nha-mat-tien-pho/,8800000000
60,3,3,16.03328,108.22257,quan-hai-chau,mua-nha-mat-tien-pho/,8900000000
198,0,0,16.07993,108.23927,quan-son-tra,mua-dat-tho-cu/,8999000000
99,4,3,16.07743,108.16546,quan-lien-chieu,mua-can-ho-chung-cu/,9000000000
120,3,2,16.0721,108.22971,quan-son-tra,mua-nha-mat-tien-pho/,9000000000
98,0,0,16.04869,108.23575,quan-ngu-hanh-son,mua-dat-tho-cu/,9000000000
142,0,0,16.05561,108.2387,quan-son-tra,mua-dat-tho-cu/,9000000000
120,0,0,16.0721,108.22971,quan-son-tra,mua-dat-tho-cu/,9000000000
490,0,0,16.0721,108.22971,quan-son-tra,mua-dat-tho-cu/,9000000000
364,0,0,16.02983,108.25417,quan-ngu-hanh-son,mua-dat-tho-cu/,9100000000
97,5,4,15.99357,108.21633,quan-cam-le,mua-nha-mat-tien-pho/,9200000000
99,0,0,16.05455,108.22118,quan-hai-chau,mua-dat-tho-cu/,9200000000
105,5,10,16.07743,108.16546,quan-lien-chieu,mua-nha-mat-tien-pho/,9200000000
102,4,3,16.05441,108.2118,quan-thanh-khe,mua-nha-mat-tien-pho/,9300000000
144,0,0,16.08328,108.22888,quan-son-tra,mua-dat-nen-du-an/,9500000000
144,4,3,16.08328,108.22888,quan-son-tra,mua-nha-mat-tien-pho/,9500000000
114,7,5,16.05451,108.20975,quan-hai-chau,mua-nha-mat-tien-pho/,9500000000
114,7,5,16.05451,108.20975,quan-hai-chau,mua-nha-mat-tien-pho/,9500000000
100,4,4,16.07476,108.1755,quan-thanh-khe,mua-nha-mat-tien-pho/,9500000000
58,0,0,16.05817,108.20961,quan-thanh-khe,mua-nha-mat-tien-pho/,9500000000
127,5,5,16.05827,108.174,quan-cam-le,mua-nha-mat-tien-pho/,9500000000
90,2,2,16.08327,108.2333,quan-son-tra,mua-nha-mat-tien-pho/,9500000000
131,5,4,16.05827,108.174,quan-cam-le,mua-nha-mat-tien-pho/,9700000000
100,0,0,16.07757,108.24216,quan-son-tra,mua-dat-tho-cu/,9900000000
75,4,4,16.06838,108.19679,quan-thanh-khe,mua-nha-mat-tien-pho/,9900000000
76,2,2,16.06399,108.21426,quan-hai-chau,mua-nha-mat-tien-pho/,9990000000
144,5,4,16.0669,108.21225,quan-thanh-khe,mua-nha-mat-tien-pho/,10000000000
97,9,9,16.01264,108.25682,quan-ngu-hanh-son,mua-nha-mat-tien-pho/,10000000000
98,3,2,16.03718,108.24387,quan-ngu-hanh-son,mua-nha-mat-tien-pho/,10000000000
160,0,0,15.99357,108.21633,quan-cam-le,mua-dat-tho-cu/,10000000000
126,4,4,16.05991,108.2237,quan-hai-chau,mua-nha-mat-tien-pho/,10000000000
100,4,4,16.03124,108.22654,quan-hai-chau,mua-nha-mat-tien-pho/,10000000000
153,0,0,16.08737,108.2457,quan-son-tra,mua-dat-tho-cu/,10200000000
168,3,3,16.05461,108.24057,quan-son-tra,mua-nha-hem-ngo/,10400000000
168,3,3,16.05461,108.24057,quan-son-tra,mua-nha-hem-ngo/,10400000000
168,3,3,16.05461,108.24057,quan-son-tra,mua-nha-hem-ngo/,10400000000
168,3,3,16.05461,108.24057,quan-son-tra,mua-nha-hem-ngo/,10400000000
120,0,0,16.03734,108.22095,quan-hai-chau,mua-nha-mat-tien-pho/,10500000000
215,0,0,16.04371,108.24491,quan-ngu-hanh-son,mua-nha-mat-tien-pho/,10500000000
144,7,7,16.04156,108.22326,quan-hai-chau,mua-nha-mat-tien-pho/,10500000000
144,4,4,16.03214,108.23095,quan-hai-chau,mua-nha-mat-tien-pho/,10500000000
215,0,0,16.04371,108.24491,quan-ngu-hanh-son,mua-nha-mat-tien-pho/,10500000000
151,11,11,16.09579,108.22874,quan-son-tra,mua-nha-mat-tien-pho/,10500000000
215,0,0,16.04371,108.24491,quan-ngu-hanh-son,mua-nha-mat-tien-pho/,10500000000
120,0,0,16.03734,108.22095,quan-hai-chau,mua-nha-mat-tien-pho/,10500000000
120,0,0,16.03734,108.22095,quan-hai-chau,mua-nha-mat-tien-pho/,10500000000
120,0,0,16.03734,108.22095,quan-hai-chau,mua-nha-mat-tien-pho/,10500000000
215,0,0,16.04371,108.24491,quan-ngu-hanh-son,mua-nha-mat-tien-pho/,10500000000
152,11,11,16.09579,108.22874,quan-son-tra,mua-nha-mat-tien-pho/,10500000000
220,0,0,16.09412,108.2287,quan-son-tra,mua-dat-tho-cu/,10700000000
140,4,4,16.07446,108.16166,quan-lien-chieu,mua-nha-mat-tien-pho/,11000000000
105,5,5,16.01412,108.19179,quan-cam-le,mua-nha-mat-tien-pho/,11000000000
375,0,0,15.98635,108.25687,quan-ngu-hanh-son,mua-dat-tho-cu/,11000000000
375,0,0,15.98635,108.25687,quan-ngu-hanh-son,mua-dat-tho-cu/,11000000000
286,0,0,16.04361,108.20663,quan-hai-chau,mua-nha-mat-tien-pho/,11000000000
250,3,3,16.02983,108.25417,quan-ngu-hanh-son,mua-nha-biet-thu-lien-ke/,11000000000
375,0,0,15.98635,108.25687,quan-ngu-hanh-son,mua-dat-tho-cu/,11000000000
100,0,0,16.07109,108.18715,quan-thanh-khe,mua-nha-mat-tien-pho/,11000000000
113,3,3,16.0692,108.23681,quan-son-tra,mua-nha-biet-thu-lien-ke/,11000000000
286,3,3,16.04361,108.20663,quan-hai-chau,mua-nha-mat-tien-pho/,11000000000
100,7,3,16.06746,108.19719,quan-thanh-khe,mua-nha-mat-tien-pho/,11000000000
375,0,0,15.98967,108.26234,quan-ngu-hanh-son,mua-dat-tho-cu/,11000000000
102,4,4,16.03363,108.21457,quan-hai-chau,mua-nha-mat-tien-pho/,11500000000
172,0,0,16.09384,108.24476,quan-son-tra,mua-dat-tho-cu/,11500000000
174,12,12,16.09092,108.23327,quan-son-tra,mua-nha-mat-tien-pho/,11700000000
138,4,5,16.08061,108.21562,quan-hai-chau,mua-nha-mat-tien-pho/,11800000000
137,4,5,16.08061,108.21562,quan-hai-chau,mua-nha-mat-tien-pho/,11800000000
345,3,3,16.02983,108.25417,quan-ngu-hanh-son,mua-nha-mat-tien-pho/,12000000000
90,15,15,16.07331,108.24296,quan-son-tra,mua-nha-mat-tien-pho/,12000000000
427,4,4,16.02983,108.25417,quan-ngu-hanh-son,mua-nha-biet-thu-lien-ke/,12000000000
345,4,4,16.02983,108.25417,quan-ngu-hanh-son,mua-nha-biet-thu-lien-ke/,12000000000
345,4,4,16.02983,108.25417,quan-ngu-hanh-son,mua-nha-mat-tien-pho/,12000000000
345,4,4,16.02983,108.25417,quan-ngu-hanh-son,mua-nha-biet-thu-lien-ke/,12000000000
345,3,3,16.02983,108.25417,quan-ngu-hanh-son,mua-nha-biet-thu-lien-ke/,12000000000
345,4,4,16.02983,108.25417,quan-ngu-hanh-son,mua-nha-biet-thu-lien-ke/,12000000000
140,4,4,16.07446,108.16166,quan-lien-chieu,mua-nha-mat-tien-pho/,12000000000
345,4,4,16.02983,108.25417,quan-ngu-hanh-son,mua-nha-biet-thu-lien-ke/,12000000000
427,4,4,16.02983,108.25417,quan-ngu-hanh-son,mua-nha-biet-thu-lien-ke/,12000000000
345,4,4,16.02983,108.25417,quan-ngu-hanh-son,mua-nha-biet-thu-lien-ke/,12000000000
345,4,4,16.02983,108.25417,quan-ngu-hanh-son,mua-nha-biet-thu-lien-ke/,12000000000
427,4,4,16.02983,108.25417,quan-ngu-hanh-son,mua-nha-biet-thu-lien-ke/,12000000000
210,5,5,16.03851,108.24755,quan-ngu-hanh-son,mua-can-ho-chung-cu/,12000000000
87,0,0,16.05765,108.21816,quan-hai-chau,mua-nha-mat-tien-pho/,12000000000
345,4,4,16.02983,108.25417,quan-ngu-hanh-son,mua-nha-biet-thu-lien-ke/,12000000000
215,0,0,16.00954,108.20659,quan-cam-le,mua-mat-bang-cua-hang-shop-nhieu-muc-dich/,12000000000
110,2,2,16.03844,108.21584,quan-hai-chau,mua-nha-mat-tien-pho/,12000000000
427,4,4,16.02983,108.25417,quan-ngu-hanh-son,mua-nha-biet-thu-lien-ke/,12000000000
427,3,3,16.02983,108.25417,quan-ngu-hanh-son,mua-nha-biet-thu-lien-ke/,12100000000
250,3,3,15.99582,108.26936,quan-ngu-hanh-son,mua-nha-mat-tien-pho/,12300000000
427,3,4,15.99582,108.26936,quan-ngu-hanh-son,mua-nha-biet-thu-lien-ke/,12300000000
98,9,10,16.07285,108.23704,quan-son-tra,mua-nha-mat-tien-pho/,12300000000
427,3,3,15.99582,108.26936,quan-ngu-hanh-son,mua-nha-biet-thu-lien-ke/,12300000000
70,3,3,16.05085,108.24319,quan-ngu-hanh-son,mua-nha-mat-tien-pho/,12400000000
427,3,3,15.99582,108.26936,quan-ngu-hanh-son,mua-nha-biet-thu-lien-ke/,12500000000
88,0,0,16.0713,108.23822,quan-son-tra,mua-dat-tho-cu/,12500000000
427,3,3,16.02983,108.25417,quan-ngu-hanh-son,mua-nha-biet-thu-lien-ke/,12500000000
427,3,3,15.98967,108.26234,quan-ngu-hanh-son,mua-nha-biet-thu-lien-ke/,12500000000
487,9,9,16.04869,108.23575,quan-ngu-hanh-son,mua-can-ho-dich-vu/,12500000000
427,3,3,15.99582,108.26936,quan-ngu-hanh-son,mua-nha-biet-thu-lien-ke/,12500000000
200,6,6,16.02967,108.24049,quan-ngu-hanh-son,mua-nha-biet-thu-lien-ke/,13000000000
70,2,2,16.05085,108.24319,quan-ngu-hanh-son,mua-nha-mat-tien-pho/,13000000000
72,4,4,16.06746,108.19719,quan-thanh-khe,mua-nha-mat-tien-pho/,13000000000
86,0,0,16.06509,108.21587,quan-hai-chau,mua-nha-mat-tien-pho/,13000000000
122,0,0,16.02978,108.20874,quan-cam-le,mua-dat-tho-cu/,13000000000
192,0,0,16.02374,108.24307,quan-ngu-hanh-son,mua-nha-mat-tien-pho/,13100000000
130,4,4,16.03734,108.22095,quan-hai-chau,mua-nha-mat-tien-pho/,13300000000
362,4,4,16.02983,108.25417,quan-ngu-hanh-son,mua-nha-biet-thu-lien-ke/,13345000000
120,4,4,16.03346,108.23031,quan-hai-chau,mua-nha-mat-tien-pho/,13500000000
120,5,5,16.03346,108.23031,quan-hai-chau,mua-nha-mat-tien-pho/,13500000000
120,5,4,16.03346,108.23031,quan-hai-chau,mua-nha-biet-thu-lien-ke/,13500000000
135,3,2,16.04335,108.22148,quan-hai-chau,mua-nha-mat-tien-pho/,13500000000
85,5,5,16.0501,108.20917,quan-hai-chau,mua-nha-mat-tien-pho/,13500000000
120,4,4,16.03346,108.23031,quan-hai-chau,mua-nha-biet-thu-lien-ke/,13500000000
120,3,3,16.03189,108.22936,quan-hai-chau,mua-nha-mat-tien-pho/,13500000000
120,5,5,16.03346,108.23031,quan-hai-chau,mua-nha-mat-tien-pho/,13500000000
100,0,0,16.0422,108.21353,quan-hai-chau,mua-nha-mat-tien-pho/,13500000000
64,0,0,16.0501,108.20917,quan-hai-chau,mua-dat-tho-cu/,13500000000
120,4,4,16.03234,108.23186,quan-hai-chau,mua-nha-mat-tien-pho/,13500000000
148,0,0,16.06756,108.24001,quan-son-tra,mua-dat-tho-cu/,13500000000
120,5,5,16.03346,108.23031,quan-hai-chau,mua-nha-mat-tien-pho/,13500000000
120,5,5,16.03346,108.23031,quan-hai-chau,mua-nha-biet-thu-lien-ke/,13500000000
120,5,5,16.03346,108.23031,quan-hai-chau,mua-nha-mat-tien-pho/,13500000000
210,0,0,16.09384,108.24476,quan-son-tra,mua-dat-tho-cu/,13600000000
120,4,4,16.03189,108.22936,quan-hai-chau,mua-nha-mat-tien-pho/,13900000000
120,4,5,16.03346,108.23031,quan-hai-chau,mua-nha-mat-tien-pho/,13900000000
204,0,0,16.02976,108.24725,quan-ngu-hanh-son,mua-dat-tho-cu/,14000000000
114,3,3,16.07074,108.23659,quan-son-tra,mua-nha-mat-tien-pho/,14000000000
120,6,4,16.03346,108.23031,quan-hai-chau,mua-nha-mat-tien-pho/,14000000000
120,6,5,16.03346,108.23031,quan-hai-chau,mua-nha-mat-tien-pho/,14000000000
345,4,4,16.02983,108.25417,quan-ngu-hanh-son,mua-nha-biet-thu-lien-ke/,14000000000
345,4,4,16.02983,108.25417,quan-ngu-hanh-son,mua-nha-biet-thu-lien-ke/,14000000000
350,4,5,16.04812,108.23801,quan-ngu-hanh-son,mua-nha-biet-thu-lien-ke/,14125000000
90,16,16,16.07195,108.20127,quan-thanh-khe,mua-nha-mat-tien-pho/,14200000000
125,6,6,16.0608,108.20521,quan-thanh-khe,mua-nha-mat-tien-pho/,14200000000
90,16,16,16.07195,108.20127,quan-thanh-khe,mua-nha-mat-tien-pho/,14200000000
429,4,4,16.02983,108.25417,quan-ngu-hanh-son,mua-nha-biet-thu-lien-ke/,14500000000
122,5,5,16.0732,108.21208,quan-thanh-khe,mua-nha-mat-tien-pho/,14500000000
120,19,20,16.06886,108.24414,quan-son-tra,mua-nha-hem-ngo/,14500000000
120,18,18,16.06756,108.20497,quan-thanh-khe,mua-nha-mat-tien-pho/,14500000000
120,5,5,16.03346,108.23031,quan-hai-chau,mua-nha-biet-thu-lien-ke/,14500000000
90,0,0,16.03971,108.246,quan-ngu-hanh-son,mua-nha-mat-tien-pho/,14500000000
120,3,2,16.03346,108.23031,quan-hai-chau,mua-nha-mat-tien-pho/,14900000000
120,4,4,16.03189,108.22936,quan-hai-chau,mua-nha-mat-tien-pho/,14900000000
120,4,3,16.03189,108.22936,quan-hai-chau,mua-nha-mat-tien-pho/,14900000000
120,3,3,16.03346,108.23031,quan-hai-chau,mua-nha-biet-thu-lien-ke/,14900000000
200,4,6,16.03346,108.23031,quan-hai-chau,mua-nha-mat-tien-pho/,14900000000
120,5,4,16.03011,108.22785,quan-hai-chau,mua-nha-biet-thu-lien-ke/,14900000000
120,5,5,16.03346,108.23031,quan-hai-chau,mua-nha-biet-thu-lien-ke/,14900000000
120,5,5,16.03346,108.23031,quan-hai-chau,mua-nha-mat-tien-pho/,14900000000
120,6,5,16.03346,108.23031,quan-hai-chau,mua-nha-biet-thu-lien-ke/,14900000000
120,4,4,16.03346,108.23031,quan-hai-chau,mua-nha-mat-tien-pho/,14900000000
120,5,5,16.03346,108.23031,quan-hai-chau,mua-nha-biet-thu-lien-ke/,14900000000
120,5,5,16.03346,108.23031,quan-hai-chau,mua-nha-mat-tien-pho/,14900000000
120,5,5,16.03346,108.23031,quan-hai-chau,mua-nha-biet-thu-lien-ke/,14900000000
120,5,5,16.0489,108.21855,quan-hai-chau,mua-nha-mat-tien-pho/,14900000000
120,6,5,16.03346,108.23031,quan-hai-chau,mua-nha-mat-tien-pho/,14999000000
252,4,4,16.01731,108.20852,quan-cam-le,mua-nha-mat-tien-pho/,15000000000
300,0,0,16.02051,108.21143,quan-cam-le,mua-dat-nen-du-an/,15000000000
120,4,4,16.03346,108.23031,quan-hai-chau,mua-nha-mat-tien-pho/,15000000000
252,4,4,16.01731,108.20852,quan-cam-le,mua-nha-mat-tien-pho/,15000000000
211,5,5,16.04892,108.24906,quan-ngu-hanh-son,mua-can-ho-penthouse/,15000000000
120,4,4,16.03346,108.23031,quan-hai-chau,mua-nha-mat-tien-pho/,15000000000
120,4,4,16.03346,108.23031,quan-hai-chau,mua-nha-mat-tien-pho/,15000000000
125,0,0,16.02978,108.20874,quan-cam-le,mua-dat-tho-cu/,15200000000
105,0,0,16.0598,108.23051,quan-son-tra,mua-dat-tho-cu/,15300000000
138,22,22,16.04082,108.21551,quan-hai-chau,mua-nha-hem-ngo/,15300000000
138,22,22,16.04082,108.21551,quan-hai-chau,mua-nha-hem-ngo/,15300000000
138,22,22,16.04082,108.21551,quan-hai-chau,mua-nha-hem-ngo/,15300000000
138,22,22,16.04082,108.21551,quan-hai-chau,mua-nha-hem-ngo/,15300000000
440,3,3,16.01412,108.19179,quan-cam-le,mua-nha-biet-thu-lien-ke/,15400000000
61,3,3,16.06372,108.22344,quan-hai-chau,mua-nha-mat-tien-pho/,15500000000
150,0,0,16.03409,108.21264,quan-cam-le,mua-dat-tho-cu/,15500000000
125,0,0,16.08562,108.21912,quan-hai-chau,mua-dat-tho-cu/,15500000000
80,3,4,16.04932,108.2483,quan-ngu-hanh-son,mua-nha-mat-tien-pho/,15700000000
80,3,4,16.04932,108.2483,quan-ngu-hanh-son,mua-nha-mat-tien-pho/,15700000000
80,3,4,16.04932,108.2483,quan-ngu-hanh-son,mua-nha-mat-tien-pho/,15700000000
80,3,4,16.04932,108.2483,quan-ngu-hanh-son,mua-nha-mat-tien-pho/,15700000000
125,17,18,16.07778,108.17364,quan-thanh-khe,mua-nha-mat-tien-pho/,16000000000
125,3,3,16.08562,108.21912,quan-hai-chau,mua-nha-mat-tien-pho/,16000000000
125,3,3,16.08562,108.21912,quan-hai-chau,mua-nha-mat-tien-pho/,16000000000
200,4,4,16.02967,108.24049,quan-ngu-hanh-son,mua-nha-mat-tien-pho/,16000000000
176,0,0,16.05745,108.21305,quan-hai-chau,mua-dat-tho-cu/,16000000000
125,17,18,16.07778,108.17364,quan-thanh-khe,mua-nha-mat-tien-pho/,16000000000
214,0,0,16.04201,108.24233,quan-ngu-hanh-son,mua-dat-tho-cu/,16000000000
125,17,18,16.07778,108.17364,quan-thanh-khe,mua-nha-mat-tien-pho/,16000000000
125,3,3,16.08562,108.21912,quan-hai-chau,mua-nha-mat-tien-pho/,16000000000
161,0,0,16.08038,108.21367,quan-hai-chau,mua-nha-mat-tien-pho/,16000000000
100,3,3,16.03686,108.21903,quan-hai-chau,mua-nha-mat-tien-pho/,16000000000
107,18,18,16.0692,108.23681,quan-son-tra,mua-nha-mat-tien-pho/,16500000000
172,0,0,16.05745,108.21305,quan-hai-chau,mua-dat-tho-cu/,16500000000
107,18,18,16.0692,108.23681,quan-son-tra,mua-nha-mat-tien-pho/,16500000000
171,2,1,16.05745,108.21305,quan-hai-chau,mua-nha-mat-tien-pho/,16500000000
250,0,0,16.02974,108.242,quan-ngu-hanh-son,mua-dat-tho-cu/,16500000000
270,2,2,16.03291,108.24086,quan-ngu-hanh-son,mua-nha-mat-tien-pho/,16500000000
184,0,0,16.05561,108.2387,quan-son-tra,mua-dat-tho-cu/,16500000000
250,0,0,16.02974,108.242,quan-ngu-hanh-son,mua-dat-tho-cu/,16500000000
270,2,2,16.03291,108.24086,quan-ngu-hanh-son,mua-nha-mat-tien-pho/,16500000000
270,2,2,16.03291,108.24086,quan-ngu-hanh-son,mua-nha-mat-tien-pho/,16500000000
180,0,0,16.08053,108.24418,quan-son-tra,mua-dat-tho-cu/,16500000000
336,0,0,16.10668,108.25931,quan-son-tra,mua-dat-tho-cu/,16600000000
93,3,3,16.06372,108.22344,quan-hai-chau,mua-nha-mat-tien-pho/,17000000000
170,22,22,16.02978,108.20874,quan-cam-le,mua-nha-mat-tien-pho/,17000000000
218,5,5,16.04182,108.20864,quan-hai-chau,mua-nha-biet-thu-lien-ke/,17000000000
122,5,3,16.06448,108.2396,quan-son-tra,mua-nha-mat-tien-pho/,17000000000
102,8,15,16.07355,108.24106,quan-son-tra,mua-nha-mat-tien-pho/,17500000000
100,0,0,16.08328,108.22888,quan-son-tra,mua-dat-tho-cu/,17500000000
100,15,15,16.06986,108.23666,quan-son-tra,mua-nha-mat-tien-pho/,17500000000
100,15,15,16.06986,108.23666,quan-son-tra,mua-nha-mat-tien-pho/,17500000000
100,15,15,16.06986,108.23666,quan-son-tra,mua-nha-mat-tien-pho/,17500000000
100,15,15,16.06986,108.23666,quan-son-tra,mua-nha-mat-tien-pho/,17500000000
275,3,2,15.99582,108.26936,quan-ngu-hanh-son,mua-nha-biet-thu-lien-ke/,17500000000
100,5,3,16.08328,108.22888,quan-son-tra,mua-nha-mat-tien-pho/,17500000000
118,4,4,16.06417,108.23152,quan-son-tra,mua-nha-mat-tien-pho/,18000000000
138,3,2,16.04932,108.2483,quan-ngu-hanh-son,mua-nha-mat-tien-pho/,18000000000
370,2,2,16.02983,108.25417,quan-ngu-hanh-son,mua-nha-biet-thu-lien-ke/,18000000000
535,2,2,16.02983,108.25417,quan-ngu-hanh-son,mua-nha-biet-thu-lien-ke/,18000000000
100,2,2,16.0598,108.23051,quan-son-tra,mua-nha-mat-tien-pho/,18200000000
100,2,3,16.0598,108.23051,quan-son-tra,mua-nha-mat-tien-pho/,18200000000
152,1,0,16.03277,108.22202,quan-hai-chau,mua-nha-mat-tien-pho/,19000000000
128,3,2,16.08562,108.21912,quan-hai-chau,mua-nha-mat-tien-pho/,19000000000
152,1,0,16.03277,108.22202,quan-hai-chau,mua-nha-mat-tien-pho/,19000000000
152,1,0,16.03277,108.22202,quan-hai-chau,mua-nha-mat-tien-pho/,19000000000
152,1,0,16.03277,108.22202,quan-hai-chau,mua-nha-mat-tien-pho/,19000000000
110,0,0,16.08925,108.2494,quan-son-tra,mua-dat-tho-cu/,19700000000
150,4,4,16.02967,108.22818,quan-hai-chau,mua-nha-mat-tien-pho/,20000000000
59,3,3,16.06851,108.20916,quan-thanh-khe,mua-nha-mat-tien-pho/,20000000000
126,4,4,16.0675,108.21977,quan-hai-chau,mua-nha-mat-tien-pho/,20000000000
126,4,4,16.0675,108.21977,quan-hai-chau,mua-nha-mat-tien-pho/,20000000000
126,4,4,16.0675,108.21977,quan-hai-chau,mua-nha-mat-tien-pho/,20000000000
126,4,4,16.0675,108.21977,quan-hai-chau,mua-nha-mat-tien-pho/,20000000000
125,18,18,16.08562,108.21912,quan-hai-chau,mua-nha-mat-tien-pho/,20000000000
126,4,4,16.0675,108.21977,quan-hai-chau,mua-nha-mat-tien-pho/,20000000000
975,0,0,16.03746,108.0676,huyen-hoa-vang,mua-dat-tho-cu/,20475000000
90,0,0,16.05436,108.22016,quan-hai-chau,mua-nha-mat-tien-pho/,20500000000
90,0,0,16.05436,108.22016,quan-hai-chau,mua-nha-mat-tien-pho/,20500000000
90,0,0,16.05492,108.22213,quan-hai-chau,mua-nha-mat-tien-pho/,20500000000
300,5,5,15.98967,108.26234,quan-ngu-hanh-son,mua-nha-biet-thu-lien-ke/,21000000000
300,5,5,15.98967,108.26234,quan-ngu-hanh-son,mua-nha-biet-thu-lien-ke/,21000000000
125,3,2,16.04371,108.24491,quan-ngu-hanh-son,mua-nha-mat-tien-pho/,21000000000
300,4,5,15.98967,108.26234,quan-ngu-hanh-son,mua-nha-biet-thu-lien-ke/,21000000000
300,5,5,15.98967,108.26234,quan-ngu-hanh-son,mua-nha-biet-thu-lien-ke/,21000000000
300,4,3,15.98967,108.26234,quan-ngu-hanh-son,mua-nha-biet-thu-lien-ke/,21500000000
244,0,0,16.07778,108.17364,quan-thanh-khe,mua-nha-mat-tien-pho/,22000000000
244,0,0,16.07778,108.17364,quan-thanh-khe,mua-nha-mat-tien-pho/,22000000000
244,0,0,16.07778,108.17364,quan-thanh-khe,mua-nha-mat-tien-pho/,22000000000
251,11,11,16.04112,108.24417,quan-ngu-hanh-son,mua-nha-mat-tien-pho/,22200000000
1056,0,0,16.03746,108.0676,huyen-hoa-vang,mua-dat-tho-cu/,22800000000
300,4,4,15.98967,108.26234,quan-ngu-hanh-son,mua-nha-biet-thu-lien-ke/,23000000000
300,5,5,15.98967,108.26234,quan-ngu-hanh-son,mua-nha-mat-tien-pho/,23000000000
300,3,3,15.98967,108.26234,quan-ngu-hanh-son,mua-nha-biet-thu-lien-ke/,23000000000
300,5,5,15.98967,108.26234,quan-ngu-hanh-son,mua-nha-biet-thu-lien-ke/,23500000000
125,6,6,16.06907,108.21542,quan-hai-chau,mua-nha-mat-tien-pho/,24500000000
125,6,6,16.06907,108.21542,quan-hai-chau,mua-nha-mat-tien-pho/,24500000000
125,6,6,16.06907,108.21542,quan-hai-chau,mua-nha-mat-tien-pho/,24500000000
115,0,0,16.06907,108.21542,quan-hai-chau,mua-nha-mat-tien-pho/,24500000000
125,6,6,16.06907,108.21542,quan-hai-chau,mua-nha-mat-tien-pho/,24500000000
188,4,4,16.05679,108.21799,quan-hai-chau,mua-nha-mat-tien-pho/,26000000000
300,17,18,16.10144,108.24623,quan-son-tra,mua-can-ho-dich-vu/,26000000000
300,17,18,16.03799,108.24602,quan-ngu-hanh-son,mua-can-ho-dich-vu/,26000000000
180,0,0,16.06725,108.24281,quan-son-tra,mua-dat-tho-cu/,26500000000
188,6,6,16.06746,108.19719,quan-thanh-khe,mua-nha-mat-tien-pho/,27000000000
187,5,5,16.02983,108.25417,quan-ngu-hanh-son,mua-nha-mat-tien-pho/,27700000000
187,5,5,16.02983,108.25417,quan-ngu-hanh-son,mua-nha-mat-tien-pho/,27700000000
100,21,22,16.05362,108.23785,quan-ngu-hanh-son,mua-nha-mat-tien-pho/,27900000000
7800,0,0,16.0799,108.13589,quan-lien-chieu,mua-dat-kho-xuong/,28000000000
257,26,26,16.09579,108.22874,quan-son-tra,mua-nha-mat-tien-pho/,28500000000
288,4,5,16.02374,108.24307,quan-ngu-hanh-son,mua-nha-biet-thu-lien-ke/,28500000000
200,21,3,16.0692,108.23681,quan-son-tra,mua-nha-mat-tien-pho/,29000000000
200,21,3,16.0692,108.23681,quan-son-tra,mua-nha-mat-tien-pho/,29000000000
250,5,5,16.07536,108.20558,quan-thanh-khe,mua-nha-mat-tien-pho/,30000000000
250,5,5,16.07536,108.20558,quan-thanh-khe,mua-nha-mat-tien-pho/,30000000000
250,5,5,16.07536,108.20558,quan-thanh-khe,mua-nha-mat-tien-pho/,30000000000
768,3,3,15.99582,108.26936,quan-ngu-hanh-son,mua-nha-biet-thu-lien-ke/,30000000000
250,5,5,16.07536,108.20558,quan-thanh-khe,mua-nha-mat-tien-pho/,30000000000
250,5,5,16.07536,108.20558,quan-thanh-khe,mua-nha-mat-tien-pho/,30000000000
200,0,0,16.01959,108.22899,quan-cam-le,mua-dat-nen-du-an/,30000000000
250,5,5,16.07536,108.20558,quan-thanh-khe,mua-nha-mat-tien-pho/,30000000000
170,2,2,16.05823,108.21715,quan-hai-chau,mua-nha-mat-tien-pho/,31000000000
170,2,2,16.05823,108.21715,quan-hai-chau,mua-nha-mat-tien-pho/,31000000000
1500,0,0,16.03746,108.0676,huyen-hoa-vang,mua-dat-tho-cu/,33000000000
411,2,3,16.04371,108.24491,quan-ngu-hanh-son,mua-nha-mat-tien-pho/,34000000000
490,0,0,16.0721,108.22971,quan-son-tra,mua-dat-tho-cu/,36750000000
200,13,14,16.06613,108.24356,quan-son-tra,mua-nha-mat-tien-pho/,39000000000
390,32,32,16.09386,108.22773,quan-son-tra,mua-can-ho-dich-vu/,40000000000
150,0,0,16.02983,108.25417,quan-ngu-hanh-son,mua-nha-mat-tien-pho/,40000000000
180,0,0,16.05085,108.24319,quan-ngu-hanh-son,mua-dat-tho-cu/,42000000000
190,2,2,16.06529,108.24424,quan-son-tra,mua-nha-mat-tien-pho/,42000000000
290,0,0,16.0734,108.22889,quan-son-tra,mua-dat-tho-cu/,44800000000
290,0,0,16.08328,108.22888,quan-son-tra,mua-dat-tho-cu/,44800000000
140,31,30,16.04892,108.24906,quan-ngu-hanh-son,mua-nha-mat-tien-pho/,46000000000
140,31,30,16.04892,108.24906,quan-ngu-hanh-son,mua-nha-mat-tien-pho/,46000000000
140,31,30,16.04892,108.24906,quan-ngu-hanh-son,mua-nha-mat-tien-pho/,46000000000
140,31,30,16.04892,108.24906,quan-ngu-hanh-son,mua-nha-mat-tien-pho/,46000000000
300,0,0,16.0598,108.23051,quan-son-tra,mua-dat-tho-cu/,52000000000
313,40,40,16.02983,108.25417,quan-ngu-hanh-son,mua-nha-mat-tien-pho/,55000000000
313,40,40,16.02983,108.25417,quan-ngu-hanh-son,mua-nha-mat-tien-pho/,55000000000
180,0,0,16.0692,108.23681,quan-son-tra,mua-nha-mat-tien-pho/,55000000000
210,6,6,16.06756,108.20497,quan-thanh-khe,mua-nha-mat-tien-pho/,59000000000
210,6,6,16.06756,108.20497,quan-thanh-khe,mua-nha-mat-tien-pho/,59000000000
818,5,5,16.02983,108.25417,quan-ngu-hanh-son,mua-nha-biet-thu-lien-ke/,63790000000
239,22,24,16.05603,108.24547,quan-son-tra,mua-nha-mat-tien-pho/,65800000000
292,27,27,16.06613,108.24356,quan-son-tra,mua-nha-mat-tien-pho/,67000000000
292,27,27,16.06613,108.24356,quan-son-tra,mua-nha-mat-tien-pho/,67000000000
292,27,27,16.06613,108.24356,quan-son-tra,mua-nha-mat-tien-pho/,67000000000
292,27,27,16.06613,108.24356,quan-son-tra,mua-nha-mat-tien-pho/,67000000000
292,27,27,16.06613,108.24356,quan-son-tra,mua-nha-mat-tien-pho/,67000000000
292,0,0,16.06613,108.24356,quan-son-tra,mua-nha-mat-tien-pho/,67000000000
385,0,0,16.0713,108.23822,quan-son-tra,mua-dat-tho-cu/,71000000000
618,20,5,16.03084,108.2189,quan-hai-chau,mua-nha-mat-tien-pho/,75000000000
200,52,55,16.06644,108.24437,quan-son-tra,mua-nha-mat-tien-pho/,77000000000
1600,0,0,16.02978,108.20874,quan-cam-le,mua-mat-bang-cua-hang-shop-nhieu-muc-dich/,80000000000
300,78,79,16.05085,108.24319,quan-ngu-hanh-son,mua-nha-mat-tien-pho/,155000000000
917,0,0,16.05224,108.24686,quan-ngu-hanh-son,mua-dat-tho-cu/,265000000000
600,100,100,16.05655,108.24693,quan-son-tra,mua-nha-mat-tien-pho/,450000000000
600,100,100,16.05655,108.24693,quan-son-tra,mua-nha-mat-tien-pho/,450000000000
62,2,2,16.03851,108.24755,quan-ngu-hanh-son,mua-can-ho-chung-cu/,3600000000000
